pokedex_number,name,type1,type2,hp,attack,defense,sp_attack,sp_defense,speed,classfication,generation,is_legendary,abilities,japanese_name
1,Bulbasaur,grass,poison,45,49,49,65,65,45,Seed Pokémon,1,0,"['Overgrow', 'Chlorophyll']",Fushigidaneフシギダネ
2,Ivysaur,grass,poison,60,62,63,80,80,60,Seed Pokémon,1,0,"['Overgrow', 'Chlorophyll']",Fushigisouフシギソウ
3,Venusaur,grass,poison,80,100,123,122,120,80,Seed Pokémon,1,0,"['Overgrow', 'Chlorophyll']",Fushigibanaフシギバナ
4,Charmander,fire,,39,52,43,60,50,65,Lizard Pokémon,1,0,"['Blaze', 'Solar Power']",Hitokageヒトカゲ
5,Charmeleon,fire,,58,64,58,80,65,80,Flame Pokémon,1,0,"['Blaze', 'Solar Power']",Lizardoリザード
6,Charizard,fire,flying,78,104,78,159,115,100,Flame Pokémon,1,0,"['Blaze', 'Solar Power']",Lizardonリザードン
7,Squirtle,water,,44,48,65,50,64,43,Tiny Turtle Pokémon,1,0,"['Torrent', 'Rain Dish']",Zenigameゼニガメ
8,Wartortle,water,,59,63,80,65,80,58,Turtle Pokémon,1,0,"['Torrent', 'Rain Dish']",Kameilカメール
9,Blastoise,water,,79,103,120,135,115,78,Shellfish Pokémon,1,0,"['Torrent', 'Rain Dish']",Kamexカメックス
10,Caterpie,bug,,45,30,35,20,20,45,Worm Pokémon,1,0,"['Shield Dust', 'Run Away']",Caterpieキャタピー
11,Metapod,bug,,50,20,55,25,25,30,Cocoon Pokémon,1,0,['Shed Skin'],Transelトランセル
12,Butterfree,bug,flying,60,45,50,90,80,70,Butterfly Pokémon,1,0,"['Compoundeyes', 'Tinted Lens']",Butterfreeバタフリー
13,Weedle,bug,poison,40,35,30,20,20,50,Hairy Pokémon,1,0,"['Shield Dust', 'Run Away']",Beedleビードル
14,Kakuna,bug,poison,45,25,50,25,25,35,Cocoon Pokémon,1,0,['Shed Skin'],Cocoonコクーン
15,Beedrill,bug,poison,65,150,40,15,80,145,Poison Bee Pokémon,1,0,"['Swarm', 'Sniper']",Spearスピアー
16,Pidgey,normal,flying,40,45,40,35,35,56,Tiny Bird Pokémon,1,0,"['Keen Eye', 'Tangled Feet', 'Big Pecks']",Poppoポッポ
17,Pidgeotto,normal,flying,63,60,55,50,50,71,Bird Pokémon,1,0,"['Keen Eye', 'Tangled Feet', 'Big Pecks']",Pigeonピジョン
18,Pidgeot,normal,flying,83,80,80,135,80,121,Bird Pokémon,1,0,"['Keen Eye', 'Tangled Feet', 'Big Pecks']",Pigeotピジョット
19,Rattata,normal,dark,30,56,35,25,35,72,Mouse Pokémon,1,0,"['Run Away', 'Guts', 'Hustle', 'Gluttony', 'Hustle', 'Thick Fat']",Korattaコラッタ
20,Raticate,normal,dark,75,71,70,40,80,77,Mouse Pokémon,1,0,"['Run Away', 'Guts', 'Hustle', 'Gluttony', 'Hustle', 'Thick Fat']",Rattaラッタ
21,Spearow,normal,flying,40,60,30,31,31,70,Tiny Bird Pokémon,1,0,"['Keen Eye', 'Sniper']",Onisuzumeオニスズメ
22,Fearow,normal,flying,65,90,65,61,61,100,Beak Pokémon,1,0,"['Keen Eye', 'Sniper']",Onidrillオニドリル
23,Ekans,poison,,35,60,44,40,54,55,Snake Pokémon,1,0,"['Intimidate', 'Shed Skin', 'Unnerve']",Arboアーボ
24,Arbok,poison,,60,95,69,65,79,80,Cobra Pokémon,1,0,"['Intimidate', 'Shed Skin', 'Unnerve']",Arbokアーボック
25,Pikachu,electric,,35,55,40,50,50,90,Mouse Pokémon,1,0,"['Static', 'Lightningrod']",Pikachuピカチュウ
26,Raichu,electric,electric,60,85,50,95,85,110,Mouse Pokémon,1,0,"['Static', 'Lightningrod', 'Surge Surfer']",Raichuライチュウ
27,Sandshrew,ground,ice,50,75,90,10,35,40,Mouse Pokémon,1,0,"['Sand Veil', 'Sand Rush', 'Snow Cloak', 'Slush Rush']",Sandサンド
28,Sandslash,ground,ice,75,100,120,25,65,65,Mouse Pokémon,1,0,"['Sand Veil', 'Sand Rush', 'Snow Cloak', 'Slush Rush']",Sandpanサンドパン
29,Nidoran♀,poison,,55,47,52,40,40,41,Poison Pin Pokémon,1,0,"['Poison Point', 'Rivalry', 'Hustle']",Nidoran?ニドラン♀
30,Nidorina,poison,,70,62,67,55,55,56,Poison Pin Pokémon,1,0,"['Poison Point', 'Rivalry', 'Hustle']",Nidorinaニドリーナ
31,Nidoqueen,poison,ground,90,92,87,75,85,76,Drill Pokémon,1,0,"['Poison Point', 'Rivalry', 'Sheer Force']",Nidoqueenニドクイン
32,Nidoran♂,poison,,46,57,40,40,40,50,Poison Pin Pokémon,1,0,"['Poison Point', 'Rivalry', 'Hustle']",Nidoran?ニドラン♂
33,Nidorino,poison,,61,72,57,55,55,65,Poison Pin Pokémon,1,0,"['Poison Point', 'Rivalry', 'Hustle']",Nidorinoニドリーノ
34,Nidoking,poison,ground,81,102,77,85,75,85,Drill Pokémon,1,0,"['Poison Point', 'Rivalry', 'Sheer Force']",Nidokingニドキング
35,Clefairy,fairy,,70,45,48,60,65,35,Fairy Pokémon,1,0,"['Cute Charm', 'Magic Guard', 'Friend Guard']",Pippiピッピ
36,Clefable,fairy,,95,70,73,95,90,60,Fairy Pokémon,1,0,"['Cute Charm', 'Magic Guard', 'Unaware']",Pixyピクシー
37,Vulpix,fire,ice,38,41,40,50,65,65,Fox Pokémon,1,0,"['Flash Fire', 'Drought', 'Snow Cloak', 'Snow Warning']",Rokonロコン
38,Ninetales,fire,ice,73,67,75,81,100,109,Fox Pokémon,1,0,"['Flash Fire', 'Drought', 'Snow Cloak', 'Snow Warning']",Kyukonキュウコン
39,Jigglypuff,normal,fairy,115,45,20,45,25,20,Balloon Pokémon,1,0,"['Cute Charm', 'Competitive', 'Friend Guard']",Purinプリン
40,Wigglytuff,normal,fairy,140,70,45,85,50,45,Balloon Pokémon,1,0,"['Cute Charm', 'Competitive', 'Frisk']",Pukurinプクリン
41,Zubat,poison,flying,40,45,35,30,40,55,Bat Pokémon,1,0,"['Inner Focus', 'Infiltrator']",Zubatズバット
42,Golbat,poison,flying,75,80,70,65,75,90,Bat Pokémon,1,0,"['Inner Focus', 'Infiltrator']",Golbatゴルバット
43,Oddish,grass,poison,45,50,55,75,65,30,Weed Pokémon,1,0,"['Chlorophyll', 'Run Away']",Nazonokusaナゾノクサ
44,Gloom,grass,poison,60,65,70,85,75,40,Weed Pokémon,1,0,"['Chlorophyll', 'Stench']",Kusaihanaクサイハナ
45,Vileplume,grass,poison,75,80,85,110,90,50,Flower Pokémon,1,0,"['Chlorophyll', 'Effect Spore']",Ruffresiaラフレシア
46,Paras,bug,grass,35,70,55,45,55,25,Mushroom Pokémon,1,0,"['Effect Spore', 'Dry Skin', 'Damp']",Parasパラス
47,Parasect,bug,grass,60,95,80,60,80,30,Mushroom Pokémon,1,0,"['Effect Spore', 'Dry Skin', 'Damp']",Parasectパラセクト
48,Venonat,bug,poison,60,55,50,40,55,45,Insect Pokémon,1,0,"['Compoundeyes', 'Tinted Lens', 'Run Away']",Kongpangコンパン
49,Venomoth,bug,poison,70,65,60,90,75,90,Poison Moth Pokémon,1,0,"['Shield Dust', 'Tinted Lens', 'Wonder Skin ']",Morphonモルフォン
50,Diglett,ground,ground,10,55,30,35,45,90,Mole Pokémon,1,0,"['Sand Veil', 'Arena Trap', 'Sand Force', 'Sand Veil', 'Tangling Hair', 'Sand Force']",Digdaディグダ
51,Dugtrio,ground,ground,35,100,60,50,70,110,Mole Pokémon,1,0,"['Sand Veil', 'Arena Trap', 'Sand Force', 'Sand Veil', 'Tangling Hair', 'Sand Force']",Dugtrioダグトリオ
52,Meowth,normal,dark,40,35,35,50,40,90,Scratch Cat Pokémon,1,0,"['Pickup', 'Technician', 'Unnerve', 'Pickup', 'Technician', 'Rattled']",Nyarthニャース
53,Persian,normal,dark,65,60,60,75,65,115,Classy Cat Pokémon,1,0,"['Limber', 'Technician', 'Unnerve', 'Fur Coat', 'Technician', 'Rattled']",Persianペルシアン
54,Psyduck,water,,50,52,48,65,50,55,Duck Pokémon,1,0,"['Damp', 'Cloud Nine', 'Swift Swim']",Koduckコダック
55,Golduck,water,,80,82,78,95,80,85,Duck Pokémon,1,0,"['Damp', 'Cloud Nine', 'Swift Swim']",Golduckゴルダック
56,Mankey,fighting,,40,80,35,35,45,70,Pig Monkey Pokémon,1,0,"['Vital Spirit', 'Anger Point', 'Defiant']",Mankeyマンキー
57,Primeape,fighting,,65,105,60,60,70,95,Pig Monkey Pokémon,1,0,"['Vital Spirit', 'Anger Point', 'Defiant']",Okorizaruオコリザル
58,Growlithe,fire,,55,70,45,70,50,60,Puppy Pokémon,1,0,"['Intimidate', 'Flash Fire', 'Justified']",Gardieガーディ
59,Arcanine,fire,,90,110,80,100,80,95,Legendary Pokémon,1,0,"['Intimidate', 'Flash Fire', 'Justified']",Windieウインディ
60,Poliwag,water,,40,50,40,40,40,90,Tadpole Pokémon,1,0,"['Water Absorb', 'Damp', 'Swift Swim']",Nyoromoニョロモ
61,Poliwhirl,water,,65,65,65,50,50,90,Tadpole Pokémon,1,0,"['Water Absorb', 'Damp', 'Swift Swim']",Nyorozoニョロゾ
62,Poliwrath,water,fighting,90,95,95,70,90,70,Tadpole Pokémon,1,0,"['Water Absorb', 'Damp', 'Swift Swim']",Nyorobonニョロボン
63,Abra,psychic,,25,20,15,105,55,90,Psi Pokémon,1,0,"['Synchronize', 'Inner Focus', 'Magic Guard']",Caseyケーシィ
64,Kadabra,psychic,,40,35,30,120,70,105,Psi Pokémon,1,0,"['Synchronize', 'Inner Focus', 'Magic Guard']",Yungererユンゲラー
65,Alakazam,psychic,,55,50,65,175,105,150,Psi Pokémon,1,0,"['Synchronize', 'Inner Focus', 'Magic Guard']",Foodinフーディン
66,Machop,fighting,,70,80,50,35,35,35,Superpower Pokémon,1,0,"['Guts', 'No Guard', 'Steadfast']",Wanrikyワンリキー
67,Machoke,fighting,,80,100,70,50,60,45,Superpower Pokémon,1,0,"['Guts', 'No Guard', 'Steadfast']",Gorikyゴーリキー
68,Machamp,fighting,,90,130,80,65,85,55,Superpower Pokémon,1,0,"['Guts', 'No Guard', 'Steadfast']",Kairikyカイリキー
69,Bellsprout,grass,poison,50,75,35,70,30,40,Flower Pokémon,1,0,"['Chlorophyll', 'Gluttony']",Madatsubomiマダツボミ
70,Weepinbell,grass,poison,65,90,50,85,45,55,Flycatcher Pokémon,1,0,"['Chlorophyll', 'Gluttony']",Utsudonウツドン
71,Victreebel,grass,poison,80,105,65,100,70,70,Flycatcher Pokémon,1,0,"['Chlorophyll', 'Gluttony']",Utsubotウツボット
72,Tentacool,water,poison,40,40,35,50,100,70,Jellyfish Pokémon,1,0,"['Clear Body', 'Liquid Ooze', 'Rain Dish']",Menokurageメノクラゲ
73,Tentacruel,water,poison,80,70,65,80,120,100,Jellyfish Pokémon,1,0,"['Clear Body', 'Liquid Ooze', 'Rain Dish']",Dokukurageドククラゲ
74,Geodude,rock,ground,40,80,100,30,30,20,Rock Pokémon,1,0,"['Rock Head', 'Sturdy', 'Sand Veil', 'Magnet Pull', 'Sturdy', 'Galvanize']",Isitsubuteイシツブテ
75,Graveler,rock,ground,55,95,115,45,45,35,Rock Pokémon,1,0,"['Rock Head', 'Sturdy', 'Sand Veil', 'Magnet Pull', 'Sturdy', 'Galvanize']",Goloneゴローン
76,Golem,rock,ground,80,120,130,55,65,45,Megaton Pokémon,1,0,"['Rock Head', 'Sturdy', 'Sand Veil', 'Magnet Pull', 'Sturdy', 'Galvanize']",Golonyaゴローニャ
77,Ponyta,fire,,50,85,55,65,65,90,Fire Horse Pokémon,1,0,"['Run Away', 'Flash Fire', 'Flame Body']",Ponytaポニータ
78,Rapidash,fire,,65,100,70,80,80,105,Fire Horse Pokémon,1,0,"['Run Away', 'Flash Fire', 'Flame Body']",Gallopギャロップ
79,Slowpoke,water,psychic,90,65,65,40,40,15,Dopey Pokémon,1,0,"['Oblivious', 'Own Tempo', 'Regenerator']",Yadonヤドン
80,Slowbro,water,psychic,95,75,180,130,80,30,Hermit Crab Pokémon,1,0,"['Oblivious', 'Own Tempo', 'Regenerator']",Yadoranヤドラン
81,Magnemite,electric,steel,25,35,70,95,55,45,Magnet Pokémon,1,0,"['Magnet Pull', 'Sturdy', 'Analytic']",Coilコイル
82,Magneton,electric,steel,50,60,95,120,70,70,Magnet Pokémon,1,0,"['Magnet Pull', 'Sturdy', 'Analytic']",Rarecoilレアコイル
83,Farfetch'd,normal,flying,52,90,55,58,62,60,Wild Duck Pokémon,1,0,"['Keen Eye', 'Inner Focus', 'Defiant']",Kamonegiカモネギ
84,Doduo,normal,flying,35,85,45,35,35,75,Twin Bird Pokémon,1,0,"['Run Away', 'Early Bird', 'Tangled Feet']",Dodoドードー
85,Dodrio,normal,flying,60,110,70,60,60,110,Triple Bird Pokémon,1,0,"['Run Away', 'Early Bird', 'Tangled Feet']",Dodorioドードリオ
86,Seel,water,,65,45,55,45,70,45,Sea Lion Pokémon,1,0,"['Thick Fat', 'Hydration', 'Ice Body']",Pawouパウワウ
87,Dewgong,water,ice,90,70,80,70,95,70,Sea Lion Pokémon,1,0,"['Thick Fat', 'Hydration', 'Ice Body']",Jugonジュゴン
88,Grimer,poison,poison,80,80,50,40,50,25,Sludge Pokémon,1,0,"['Stench', 'Sticky Hold', 'Poison Touch', 'Poison Touch', 'Gluttony', 'Power of Alchemy']",Betbeterベトベター
89,Muk,poison,poison,105,105,75,65,100,50,Sludge Pokémon,1,0,"['Stench', 'Sticky Hold', 'Poison Touch', 'Poison Touch', 'Gluttony', 'Power of Alchemy']",Betbetonベトベトン
90,Shellder,water,,30,65,100,45,25,40,Bivalve Pokémon,1,0,"['Shell Armor', 'Skill Link', 'Overcoat']",Shellderシェルダー
91,Cloyster,water,ice,50,95,180,85,45,70,Bivalve Pokémon,1,0,"['Shell Armor', 'Skill Link', 'Overcoat']",Parshenパルシェン
92,Gastly,ghost,poison,30,35,30,100,35,80,Gas Pokémon,1,0,['Levitate'],Ghosゴース
93,Haunter,ghost,poison,45,50,45,115,55,95,Gas Pokémon,1,0,['Levitate'],Ghostゴースト
94,Gengar,ghost,poison,60,65,80,170,95,130,Shadow Pokémon,1,0,['Cursed Body'],Gangarゲンガー
95,Onix,rock,ground,35,45,160,30,45,70,Rock Snake Pokémon,1,0,"['Rock Head', 'Sturdy', 'Weak Armor']",Iwarkイワーク
96,Drowzee,psychic,,60,48,45,43,90,42,Hypnosis Pokémon,1,0,"['Insomnia', 'Forewarn', 'Inner Focus']",Sleepeスリープ
97,Hypno,psychic,,85,73,70,73,115,67,Hypnosis Pokémon,1,0,"['Insomnia', 'Forewarn', 'Inner Focus']",Sleeperスリーパー
98,Krabby,water,,30,105,90,25,25,50,River Crab Pokémon,1,0,"['Hyper Cutter', 'Shell Armor', 'Sheer Force']",Crabクラブ
99,Kingler,water,,55,130,115,50,50,75,Pincer Pokémon,1,0,"['Hyper Cutter', 'Shell Armor', 'Sheer Force']",Kinglerキングラー
100,Voltorb,electric,,40,30,50,55,55,100,Ball Pokémon,1,0,"['Soundproof', 'Static', 'Aftermath']",Biriridamaビリリダマ
101,Electrode,electric,,60,50,70,80,80,150,Ball Pokémon,1,0,"['Soundproof', 'Static', 'Aftermath']",Marumineマルマイン
102,Exeggcute,grass,psychic,60,40,80,60,45,40,Egg Pokémon,1,0,"['Chlorophyll', 'Harvest']",Tamatamaタマタマ
103,Exeggutor,grass,psychic,95,105,85,125,75,45,Coconut Pokémon,1,0,"['Chlorophyll', 'Harvest', 'Frisk', 'Harvest']",Nassyナッシー
104,Cubone,ground,,50,50,95,40,50,35,Lonely Pokémon,1,0,"['Rock Head', 'Lightningrod', 'Battle Armor']",Karakaraカラカラ
105,Marowak,ground,fire,60,80,110,50,80,45,Bone Keeper Pokémon,1,0,"['Rock Head', 'Lightningrod', 'Battle Armor', 'Cursed Body', 'Lightningrod', 'Rock Head']",Garagaraガラガラ
106,Hitmonlee,fighting,,50,120,53,35,110,87,Kicking Pokémon,1,0,"['Limber', 'Reckless', 'Unburden']",Sawamularサワムラー
107,Hitmonchan,fighting,,50,105,79,35,110,76,Punching Pokémon,1,0,"['Keen Eye', 'Iron Fist', 'Inner Focus']",Ebiwalarエビワラー
108,Lickitung,normal,,90,55,75,60,75,30,Licking Pokémon,1,0,"['Own Tempo', 'Oblivious', 'Cloud Nine']",Beroringaベロリンガ
109,Koffing,poison,,40,65,95,60,45,35,Poison Gas Pokémon,1,0,['Levitate'],Dogarsドガース
110,Weezing,poison,,65,90,120,85,70,60,Poison Gas Pokémon,1,0,['Levitate'],Matadogasマタドガス
111,Rhyhorn,ground,rock,80,85,95,30,30,25,Spikes Pokémon,1,0,"['Lightningrod', 'Rock Head', 'Reckless']",Sihornサイホーン
112,Rhydon,ground,rock,105,130,120,45,45,40,Drill Pokémon,1,0,"['Lightningrod', 'Rock Head', 'Reckless']",Sidonサイドン
113,Chansey,normal,,250,5,5,35,105,50,Egg Pokémon,1,0,"['Natural Cure', 'Serene Grace', 'Healer']",Luckyラッキー
114,Tangela,grass,,65,55,115,100,40,60,Vine Pokémon,1,0,"['Chlorophyll', 'Leaf Guard', 'Regenerator']",Monjaraモンジャラ
115,Kangaskhan,normal,,105,125,100,60,100,100,Parent Pokémon,1,0,"['Early Bird', 'Scrappy', 'Inner Focus']",Garuraガルーラ
116,Horsea,water,,30,40,70,70,25,60,Dragon Pokémon,1,0,"['Swift Swim', 'Sniper', 'Damp']",Tattuタッツー
117,Seadra,water,,55,65,95,95,45,85,Dragon Pokémon,1,0,"['Poison Point', 'Sniper', 'Damp']",Seadraシードラ
118,Goldeen,water,,45,67,60,35,50,63,Goldfish Pokémon,1,0,"['Swift Swim', 'Water Veil', 'Lightningrod']",Tosakintoトサキント
119,Seaking,water,,80,92,65,65,80,68,Goldfish Pokémon,1,0,"['Swift Swim', 'Water Veil', 'Lightningrod']",Azumaoアズマオウ
120,Staryu,water,,30,45,55,70,55,85,Starshape Pokémon,1,0,"['Illuminate', 'Natural Cure', 'Analytic']",Hitodemanヒトデマン
121,Starmie,water,psychic,60,75,85,100,85,115,Mysterious Pokémon,1,0,"['Illuminate', 'Natural Cure', 'Analytic']",Starmieスターミー
122,Mr. Mime,psychic,fairy,40,45,65,100,120,90,Barrier Pokémon,1,0,"['Soundproof', 'Filter', 'Technician']",Barrierdバリヤード
123,Scyther,bug,flying,70,110,80,55,80,105,Mantis Pokémon,1,0,"['Swarm', 'Technician', 'Steadfast']",Strikeストライク
124,Jynx,ice,psychic,65,50,35,115,95,95,Humanshape Pokémon,1,0,"['Oblivious', 'Forewarn', 'Dry Skin']",Rougelaルージュラ
125,Electabuzz,electric,,65,83,57,95,85,105,Electric Pokémon,1,0,"['Static', 'Vital Spirit']",Elebooエレブー
126,Magmar,fire,,65,95,57,100,85,93,Spitfire Pokémon,1,0,"['Flame Body', 'Vital Spirit']",Booberブーバー
127,Pinsir,bug,,65,155,120,65,90,105,Stagbeetle Pokémon,1,0,"['Hyper Cutter', 'Mold Breaker', 'Moxie']",Kailiosカイロス
128,Tauros,normal,,75,100,95,40,70,110,Wild Bull Pokémon,1,0,"['Intimidate', 'Anger Point', 'Sheer Force']",Kentaurosケンタロス
129,Magikarp,water,,20,10,55,15,20,80,Fish Pokémon,1,0,"['Swift Swim', 'Rattled']",Koikingコイキング
130,Gyarados,water,flying,95,155,109,70,130,81,Atrocious Pokémon,1,0,"['Intimidate', 'Moxie']",Gyaradosギャラドス
131,Lapras,water,ice,130,85,80,85,95,60,Transport Pokémon,1,0,"['Water Absorb', 'Shell Armor', 'Hydration']",Laplaceラプラス
132,Ditto,normal,,48,48,48,48,48,48,Transform Pokémon,1,0,"['Limber', 'Imposter']",Metamonメタモン
133,Eevee,normal,,55,55,50,45,65,55,Evolution Pokémon,1,0,"['Run Away', 'Adaptability', 'Anticipation']",Eievuiイーブイ
134,Vaporeon,water,,130,65,60,110,95,65,Bubble Jet Pokémon,1,0,"['Water Absorb', 'Hydration']",Showersシャワーズ
135,Jolteon,electric,,65,65,60,110,95,130,Lightning Pokémon,1,0,"['Volt Absorb', 'Quick Feet']",Thundersサンダース
136,Flareon,fire,,65,130,60,95,110,65,Flame Pokémon,1,0,"['Flash Fire', 'Guts']",Boosterブースター
137,Porygon,normal,,65,60,70,85,75,40,Virtual Pokémon,1,0,"['Trace', 'Download', 'Analytic']",Porygonポリゴン
138,Omanyte,rock,water,35,40,100,90,55,35,Spiral Pokémon,1,0,"['Swift Swim', 'Shell Armor', 'Weak Armor']",Omniteオムナイト
139,Omastar,rock,water,70,60,125,115,70,55,Spiral Pokémon,1,0,"['Swift Swim', 'Shell Armor', 'Weak Armor']",Omstarオムスター
140,Kabuto,rock,water,30,80,90,55,45,55,Shellfish Pokémon,1,0,"['Swift Swim', 'Battle Armor', 'Weak Armor']",Kabutoカブト
141,Kabutops,rock,water,60,115,105,65,70,80,Shellfish Pokémon,1,0,"['Swift Swim', 'Battle Armor', 'Weak Armor']",Kabutopsカブトプス
142,Aerodactyl,rock,flying,80,135,85,70,95,150,Fossil Pokémon,1,0,"['Rock Head', 'Pressure', 'Unnerve']",Pteraプテラ
143,Snorlax,normal,,160,110,65,65,110,30,Sleeping Pokémon,1,0,"['Immunity', 'Thick Fat', 'Gluttony']",Kabigonカビゴン
144,Articuno,ice,flying,90,85,100,95,125,85,Freeze Pokémon,1,1,"['Pressure', 'Snow Cloak']",Freezerフリーザー
145,Zapdos,electric,flying,90,90,85,125,90,100,Electric Pokémon,1,1,"['Pressure', 'Static']",Thunderサンダー
146,Moltres,fire,flying,90,100,90,125,85,90,Flame Pokémon,1,1,"['Pressure', 'Flame Body']",Fireファイヤー
147,Dratini,dragon,,41,64,45,50,50,50,Dragon Pokémon,1,0,"['Shed Skin', 'Marvel Scale']",Miniryuミニリュウ
148,Dragonair,dragon,,61,84,65,70,70,70,Dragon Pokémon,1,0,"['Shed Skin', 'Marvel Scale']",Hakuryuハクリュー
149,Dragonite,dragon,flying,91,134,95,100,100,80,Dragon Pokémon,1,0,"['Inner Focus', 'Multiscale']",Kairyuカイリュー
150,Mewtwo,psychic,,106,150,70,194,120,140,Genetic Pokémon,1,1,"['Pressure', 'Unnerve']",Mewtwoミュウツー
151,Mew,psychic,,100,100,100,100,100,100,New Species Pokémon,1,1,['Synchronize'],Mewミュウ
152,Chikorita,grass,,45,49,65,49,65,45,Leaf Pokémon,2,0,"['Overgrow', 'Leaf Guard']",Chicoritaチコリータ
153,Bayleef,grass,,60,62,80,63,80,60,Leaf Pokémon,2,0,"['Overgrow', 'Leaf Guard']",Bayleafベイリーフ
154,Meganium,grass,,80,82,100,83,100,80,Herb Pokémon,2,0,"['Overgrow', 'Leaf Guard']",Meganiumメガニウム
155,Cyndaquil,fire,,39,52,43,60,50,65,Fire Mouse Pokémon,2,0,"['Blaze', 'Flash Fire']",Hinoarashiヒノアラシ
156,Quilava,fire,,58,64,58,80,65,80,Volcano Pokémon,2,0,"['Blaze', 'Flash Fire']",Magmarashiマグマラシ
157,Typhlosion,fire,,78,84,78,109,85,100,Volcano Pokémon,2,0,"['Blaze', 'Flash Fire']",Bakphoonバクフーン
158,Totodile,water,,50,65,64,44,48,43,Big Jaw Pokémon,2,0,"['Torrent', 'Sheer Force']",Waninokoワニノコ
159,Croconaw,water,,65,80,80,59,63,58,Big Jaw Pokémon,2,0,"['Torrent', 'Sheer Force']",Alligatesアリゲイツ
160,Feraligatr,water,,85,105,100,79,83,78,Big Jaw Pokémon,2,0,"['Torrent', 'Sheer Force']",Ordileオーダイル
161,Sentret,normal,,35,46,34,35,45,20,Scout Pokémon,2,0,"['Run Away', 'Keen Eye', 'Frisk']",Otachiオタチ
162,Furret,normal,,85,76,64,45,55,90,Long Body Pokémon,2,0,"['Run Away', 'Keen Eye', 'Frisk']",Ootachiオオタチ
163,Hoothoot,normal,flying,60,30,30,36,56,50,Owl Pokémon,2,0,"['Insomnia', 'Keen Eye', 'Tinted Lens']",Hohoホーホー
164,Noctowl,normal,flying,100,50,50,86,96,70,Owl Pokémon,2,0,"['Insomnia', 'Keen Eye', 'Tinted Lens']",Yorunozukuヨルノズク
165,Ledyba,bug,flying,40,20,30,40,80,55,Five Star Pokémon,2,0,"['Swarm', 'Early Bird', 'Rattled']",Redibaレディバ
166,Ledian,bug,flying,55,35,50,55,110,85,Five Star Pokémon,2,0,"['Swarm', 'Early Bird', 'Iron Fist']",Redianレディアン
167,Spinarak,bug,poison,40,60,40,40,40,30,String Spit Pokémon,2,0,"['Swarm', 'Insomnia', 'Sniper']",Itomaruイトマル
168,Ariados,bug,poison,70,90,70,60,70,40,Long Leg Pokémon,2,0,"['Swarm', 'Insomnia', 'Sniper']",Ariadosアリアドス
169,Crobat,poison,flying,85,90,80,70,80,130,Bat Pokémon,2,0,"['Inner Focus', 'Infiltrator']",Crobatクロバット
170,Chinchou,water,electric,75,38,38,56,56,67,Angler Pokémon,2,0,"['Volt Absorb', 'Illuminate', 'Water Absorb']",Chonchieチョンチー
171,Lanturn,water,electric,125,58,58,76,76,67,Light Pokémon,2,0,"['Volt Absorb', 'Illuminate', 'Water Absorb']",Lanternランターン
172,Pichu,electric,,20,40,15,35,35,60,Tiny Mouse Pokémon,2,0,"['Static', 'Lightningrod']",Pichuピチュー
173,Cleffa,fairy,,50,25,28,45,55,15,Star Shape Pokémon,2,0,"['Cute Charm', 'Magic Guard', 'Friend Guard']",Pyピィ
174,Igglybuff,normal,fairy,90,30,15,40,20,15,Balloon Pokémon,2,0,"['Cute Charm', 'Competitive', 'Friend Guard']",Pupurinププリン
175,Togepi,fairy,,35,20,65,40,65,20,Spike Ball Pokémon,2,0,"['Hustle', 'Serene Grace', 'Super Luck']",Togepyトゲピー
176,Togetic,fairy,flying,55,40,85,80,105,40,Happiness Pokémon,2,0,"['Hustle', 'Serene Grace', 'Super Luck']",Togechickトゲチック
177,Natu,psychic,flying,40,50,45,70,45,70,Little Bird Pokémon,2,0,"['Synchronize', 'Early Bird', 'Magic Bounce']",Natyネイティ
178,Xatu,psychic,flying,65,75,70,95,70,95,Mystic Pokémon,2,0,"['Synchronize', 'Early Bird', 'Magic Bounce']",Natioネイティオ
179,Mareep,electric,,55,40,40,65,45,35,Wool Pokémon,2,0,"['Static', 'Plus']",Merriepメリープ
180,Flaaffy,electric,,70,55,55,80,60,45,Wool Pokémon,2,0,"['Static', 'Plus']",Mokokoモココ
181,Ampharos,electric,,90,95,105,165,110,45,Light Pokémon,2,0,"['Static', 'Plus']",Denryuデンリュウ
182,Bellossom,grass,,75,80,95,90,100,50,Flower Pokémon,2,0,"['Chlorophyll', 'Healer']",Kireihanaキレイハナ
183,Marill,water,fairy,70,20,50,20,50,40,Aquamouse Pokémon,2,0,"['Thick Fat', 'Huge Power', 'Sap Sipper']",Marilマリル
184,Azumarill,water,fairy,100,50,80,60,80,50,Aquarabbit Pokémon,2,0,"['Thick Fat', 'Huge Power', 'Sap Sipper']",Marilliマリルリ
185,Sudowoodo,rock,,70,100,115,30,65,30,Imitation Pokémon,2,0,"['Sturdy', 'Rock Head', 'Rattled']",Usokkieウソッキー
186,Politoed,water,,90,75,75,90,100,70,Frog Pokémon,2,0,"['Water Absorb', 'Damp', 'Drizzle']",Nyorotonoニョロトノ
187,Hoppip,grass,flying,35,35,40,35,55,50,Cottonweed Pokémon,2,0,"['Chlorophyll', 'Leaf Guard', 'Infiltrator']",Haneccoハネッコ
188,Skiploom,grass,flying,55,45,50,45,65,80,Cottonweed Pokémon,2,0,"['Chlorophyll', 'Leaf Guard', 'Infiltrator']",Popoccoポポッコ
189,Jumpluff,grass,flying,75,55,70,55,95,110,Cottonweed Pokémon,2,0,"['Chlorophyll', 'Leaf Guard', 'Infiltrator']",Wataccoワタッコ
190,Aipom,normal,,55,70,55,40,55,85,Long Tail Pokémon,2,0,"['Run Away', 'Pickup', 'Skill Link']",Eipamエイパム
191,Sunkern,grass,,30,30,30,30,30,30,Seed Pokémon,2,0,"['Chlorophyll', 'Solar Power', 'Early Bird']",Himanutsヒマナッツ
192,Sunflora,grass,,75,75,55,105,85,30,Sun Pokémon,2,0,"['Chlorophyll', 'Solar Power', 'Early Bird']",Kimawariキマワリ
193,Yanma,bug,flying,65,65,45,75,45,95,Clear Wing Pokémon,2,0,"['Speed Boost', 'Compoundeyes', 'Frisk']",Yanyanmaヤンヤンマ
194,Wooper,water,ground,55,45,45,25,25,15,Water Fish Pokémon,2,0,"['Damp', 'Water Absorb', 'Unaware']",Upahウパー
195,Quagsire,water,ground,95,85,85,65,65,35,Water Fish Pokémon,2,0,"['Damp', 'Water Absorb', 'Unaware']",Nuohヌオー
196,Espeon,psychic,,65,65,60,130,95,110,Sun Pokémon,2,0,"['Synchronize', 'Magic Bounce']",Eifieエーフィ
197,Umbreon,dark,,95,65,110,60,130,65,Moonlight Pokémon,2,0,"['Synchronize', 'Inner Focus']",Blackyブラッキー
198,Murkrow,dark,flying,60,85,42,85,42,91,Darkness Pokémon,2,0,"['Insomnia', 'Super Luck', 'Prankster']",Yamikarasuヤミカラス
199,Slowking,water,psychic,95,75,80,100,110,30,Royal Pokémon,2,0,"['Oblivious', 'Own Tempo', 'Regenerator']",Yadokingヤドキング
200,Misdreavus,ghost,,60,60,60,85,85,85,Screech Pokémon,2,0,['Levitate'],Mumaムウマ
201,Unown,psychic,,48,72,48,72,48,48,Symbol Pokémon,2,0,['Levitate'],Unknownアンノーン
202,Wobbuffet,psychic,,190,33,58,33,58,33,Patient Pokémon,2,0,"['Shadow Tag', 'Telepathy']",Sonansソーナンス
203,Girafarig,normal,psychic,70,80,65,90,65,85,Long Neck Pokémon,2,0,"['Inner Focus', 'Early Bird', 'Sap Sipper']",Kirinrikiキリンリキ
204,Pineco,bug,,50,65,90,35,35,15,Bagworm Pokémon,2,0,"['Sturdy', 'Overcoat']",Kunugidamaクヌギダマ
205,Forretress,bug,steel,75,90,140,60,60,40,Bagworm Pokémon,2,0,"['Sturdy', 'Overcoat']",Foretosフォレトス
206,Dunsparce,normal,,100,70,70,65,65,45,Land Snake Pokémon,2,0,"['Serene Grace', 'Run Away', 'Rattled']",Nokocchiノコッチ
207,Gligar,ground,flying,65,75,105,35,65,85,Flyscorpion Pokémon,2,0,"['Hyper Cutter', 'Sand Veil', 'Immunity']",Gligerグライガー
208,Steelix,steel,ground,75,125,230,55,95,30,Iron Snake Pokémon,2,0,"['Rock Head', 'Sturdy', 'Sheer Force']",Haganeilハガネール
209,Snubbull,fairy,,60,80,50,40,40,30,Fairy Pokémon,2,0,"['Intimidate', 'Run Away', 'Rattled']",Buluブルー
210,Granbull,fairy,,90,120,75,60,60,45,Fairy Pokémon,2,0,"['Intimidate', 'Quick Feet', 'Rattled']",Granbuluグランブル
211,Qwilfish,water,poison,65,95,85,55,55,85,Balloon Pokémon,2,0,"['Poison Point', 'Swift Swim', 'Intimidate']",Harysenハリーセン
212,Scizor,bug,steel,70,150,140,65,100,75,Pincer Pokémon,2,0,"['Swarm', 'Technician', 'Light Metal']",Hassamハッサム
213,Shuckle,bug,rock,20,10,230,10,230,5,Mold Pokémon,2,0,"['Sturdy', 'Gluttony', 'Contrary']",Tsubotsuboツボツボ
214,Heracross,bug,fighting,80,185,115,40,105,75,Singlehorn Pokémon,2,0,"['Swarm', 'Guts', 'Moxie']",Heracrosヘラクロス
215,Sneasel,dark,ice,55,95,55,35,75,115,Sharp Claw Pokémon,2,0,"['Inner Focus', 'Keen Eye', 'Pickpocket']",Nyulaニューラ
216,Teddiursa,normal,,60,80,50,50,50,40,Little Bear Pokémon,2,0,"['Pickup', 'Quick Feet', 'Honey Gather']",Himegumaヒメグマ
217,Ursaring,normal,,90,130,75,75,75,55,Hibernator Pokémon,2,0,"['Guts', 'Quick Feet', 'Unnerve']",Ringumaリングマ
218,Slugma,fire,,40,40,40,70,40,20,Lava Pokémon,2,0,"['Magma Armor', 'Flame Body', 'Weak Armor']",Magmagマグマッグ
219,Magcargo,fire,rock,60,50,120,90,80,30,Lava Pokémon,2,0,"['Magma Armor', 'Flame Body', 'Weak Armor']",Magcargotマグカルゴ
220,Swinub,ice,ground,50,50,40,30,30,50,Pig Pokémon,2,0,"['Oblivious', 'Snow Cloak', 'Thick Fat']",Urimooウリムー
221,Piloswine,ice,ground,100,100,80,60,60,50,Swine Pokémon,2,0,"['Oblivious', 'Snow Cloak', 'Thick Fat']",Inomooイノムー
222,Corsola,water,rock,65,55,95,65,95,35,Coral Pokémon,2,0,"['Hustle', 'Natural Cure', 'Regenerator']",Sunnygoサニーゴ
223,Remoraid,water,,35,65,35,65,35,65,Jet Pokémon,2,0,"['Hustle', 'Sniper', 'Moody']",Teppouoテッポウオ
224,Octillery,water,,75,105,75,105,75,45,Jet Pokémon,2,0,"['Suction Cups', 'Sniper', 'Moody']",Okutankオクタン
225,Delibird,ice,flying,45,55,45,65,45,75,Delivery Pokémon,2,0,"['Vital Spirit', 'Hustle', 'Insomnia']",Delibirdデリバード
226,Mantine,water,flying,85,40,70,80,140,70,Kite Pokémon,2,0,"['Swift Swim', 'Water Absorb', 'Water Veil']",Mantainマンタイン
227,Skarmory,steel,flying,65,80,140,40,70,70,Armor Bird Pokémon,2,0,"['Keen Eye', 'Sturdy', 'Weak Armor']",Airmdエアームド
228,Houndour,dark,fire,45,60,30,80,50,65,Dark Pokémon,2,0,"['Early Bird', 'Flash Fire', 'Unnerve']",Delvilデルビル
229,Houndoom,dark,fire,75,90,90,140,90,115,Dark Pokémon,2,0,"['Early Bird', 'Flash Fire', 'Unnerve']",Hellgarヘルガー
230,Kingdra,water,dragon,75,95,95,95,95,85,Dragon Pokémon,2,0,"['Swift Swim', 'Sniper', 'Damp']",Kingdraキングドラ
231,Phanpy,ground,,90,60,60,40,40,40,Long Nose Pokémon,2,0,"['Pickup', 'Sand Veil']",Gomazouゴマゾウ
232,Donphan,ground,,90,120,120,60,60,50,Armor Pokémon,2,0,"['Sturdy', 'Sand Veil']",Donfanドンファン
233,Porygon2,normal,,85,80,90,105,95,60,Virtual Pokémon,2,0,"['Trace', 'Download', 'Analytic']",Porygon2ポリゴン２
234,Stantler,normal,,73,95,62,85,65,85,Big Horn Pokémon,2,0,"['Intimidate', 'Frisk', 'Sap Sipper']",Odoshishiオドシシ
235,Smeargle,normal,,55,20,35,20,45,75,Painter Pokémon,2,0,"['Own Tempo', 'Technician', 'Moody']",Dobleドーブル
236,Tyrogue,fighting,,35,35,35,35,35,35,Scuffle Pokémon,2,0,"['Guts', 'Steadfast', 'Vital Spirit']",Balkieバルキー
237,Hitmontop,fighting,,50,95,95,35,110,70,Handstand Pokémon,2,0,"['Intimidate', 'Technician', 'Steadfast']",Kapoererカポエラー
238,Smoochum,ice,psychic,45,30,15,85,65,65,Kiss Pokémon,2,0,"['Oblivious', 'Forewarn', 'Hydration']",Muchulムチュール
239,Elekid,electric,,45,63,37,65,55,95,Electric Pokémon,2,0,"['Static', 'Vital Spirit']",Elekidエレキッド
240,Magby,fire,,45,75,37,70,55,83,Live Coal Pokémon,2,0,"['Flame Body', 'Vital Spirit']",Bubyブビィ
241,Miltank,normal,,95,80,105,40,70,100,Milk Cow Pokémon,2,0,"['Thick Fat', 'Scrappy', 'Sap Sipper']",Miltankミルタンク
242,Blissey,normal,,255,10,10,75,135,55,Happiness Pokémon,2,0,"['Natural Cure', 'Serene Grace', 'Healer']",Happinasハピナス
243,Raikou,electric,,90,85,75,115,100,115,Thunder Pokémon,2,1,"['Pressure', 'Inner Focus']",Raikouライコウ
244,Entei,fire,,115,115,85,90,75,100,Volcano Pokémon,2,1,"['Pressure', 'Inner Focus']",Enteiエンテイ
245,Suicune,water,,100,75,115,90,115,85,Aurora Pokémon,2,1,"['Pressure', 'Inner Focus']",Suicuneスイクン
246,Larvitar,rock,ground,50,64,50,45,50,41,Rock Skin Pokémon,2,0,"['Guts', 'Sand Veil']",Yogirasヨーギラス
247,Pupitar,rock,ground,70,84,70,65,70,51,Hard Shell Pokémon,2,0,['Shed Skin'],Sanagirasサナギラス
248,Tyranitar,rock,dark,100,164,150,95,120,71,Armor Pokémon,2,0,"['Sand Stream', 'Unnerve']",Bangirasバンギラス
249,Lugia,psychic,flying,106,90,130,90,154,110,Diving Pokémon,2,1,"['Pressure', 'Multiscale']",Lugiaルギア
250,Ho-Oh,fire,flying,106,130,90,110,154,90,Rainbow Pokémon,2,1,"['Pressure', 'Regenerator']",Hououホウオウ
251,Celebi,psychic,grass,100,100,100,100,100,100,Time Travel Pokémon,2,1,['Natural Cure'],Celebiセレビィ
252,Treecko,grass,,40,45,35,65,55,70,Wood Gecko Pokémon,3,0,"['Overgrow', 'Unburden']",Kimoriキモリ
253,Grovyle,grass,,50,65,45,85,65,95,Wood Gecko Pokémon,3,0,"['Overgrow', 'Unburden']",Juptileジュプトル
254,Sceptile,grass,,70,110,75,145,85,145,Forest Pokémon,3,0,"['Overgrow', 'Unburden']",Jukainジュカイン
255,Torchic,fire,,45,60,40,70,50,45,Chick Pokémon,3,0,"['Blaze', 'Speed Boost']",Achamoアチャモ
256,Combusken,fire,fighting,60,85,60,85,60,55,Young Fowl Pokémon,3,0,"['Blaze', 'Speed Boost']",Wakasyamoワカシャモ
257,Blaziken,fire,fighting,80,160,80,130,80,100,Blaze Pokémon,3,0,"['Blaze', 'Speed Boost']",Bursyamoバシャーモ
258,Mudkip,water,,50,70,50,50,50,40,Mud Fish Pokémon,3,0,"['Torrent', 'Damp']",Mizugorouミズゴロウ
259,Marshtomp,water,ground,70,85,70,60,70,50,Mud Fish Pokémon,3,0,"['Torrent', 'Damp']",Numacrawヌマクロー
260,Swampert,water,ground,100,150,110,95,110,70,Mud Fish Pokémon,3,0,"['Torrent', 'Damp']",Laglargeラグラージ
261,Poochyena,dark,,35,55,35,30,30,35,Bite Pokémon,3,0,"['Run Away', 'Quick Feet', 'Rattled']",Pochienaポチエナ
262,Mightyena,dark,,70,90,70,60,60,70,Bite Pokémon,3,0,"['Intimidate', 'Quick Feet', 'Moxie']",Graenaグラエナ
263,Zigzagoon,normal,,38,30,41,30,41,60,Tiny Racoon Pokémon,3,0,"['Pickup', 'Gluttony', 'Quick Feet']",Jiguzagumaジグザグマ
264,Linoone,normal,,78,70,61,50,61,100,Rush Pokémon,3,0,"['Pickup', 'Gluttony', 'Quick Feet']",Massugumaマッスグマ
265,Wurmple,bug,,45,45,35,20,30,20,Worm Pokémon,3,0,"['Shield Dust', 'Run Away']",Kemussoケムッソ
266,Silcoon,bug,,50,35,55,25,25,15,Cocoon Pokémon,3,0,['Shed Skin'],Karasalisカラサリス
267,Beautifly,bug,flying,60,70,50,100,50,65,Butterfly Pokémon,3,0,"['Swarm', 'Rivalry']",Agehuntアゲハント
268,Cascoon,bug,,50,35,55,25,25,15,Cocoon Pokémon,3,0,['Shed Skin'],Mayuldマユルド
269,Dustox,bug,poison,60,50,70,50,90,65,Poison Moth Pokémon,3,0,"['Shield Dust', 'Compoundeyes']",Dokucaleドクケイル
270,Lotad,water,grass,40,30,30,40,50,30,Water Weed Pokémon,3,0,"['Swift Swim', 'Rain Dish', 'Own Tempo']",Hassbohハスボー
271,Lombre,water,grass,60,50,50,60,70,50,Jolly Pokémon,3,0,"['Swift Swim', 'Rain Dish', 'Own Tempo']",Hasubreroハスブレロ
272,Ludicolo,water,grass,80,70,70,90,100,70,Carefree Pokémon,3,0,"['Swift Swim', 'Rain Dish', 'Own Tempo']",Runpappaルンパッパ
273,Seedot,grass,,40,40,50,30,30,30,Acorn Pokémon,3,0,"['Chlorophyll', 'Early Bird', 'Pickpocket']",Tanebohタネボー
274,Nuzleaf,grass,dark,70,70,40,60,40,60,Wily Pokémon,3,0,"['Chlorophyll', 'Early Bird', 'Pickpocket']",Konohanaコノハナ
275,Shiftry,grass,dark,90,100,60,90,60,80,Wickid Pokémon,3,0,"['Chlorophyll', 'Early Bird', 'Pickpocket']",Dirtengダーテング
276,Taillow,normal,flying,40,55,30,30,30,85,TinySwallow Pokémon,3,0,"['Guts', 'Scrappy']",Subameスバメ
277,Swellow,normal,flying,60,85,60,75,50,125,Swallow Pokémon,3,0,"['Guts', 'Scrappy']",Ohsubameオオスバメ
278,Wingull,water,flying,40,30,30,55,30,85,Seagull Pokémon,3,0,"['Keen Eye', 'Hydration', 'Rain Dish']",Camomeキャモメ
279,Pelipper,water,flying,60,50,100,95,70,65,Water Bird Pokémon,3,0,"['Keen Eye', 'Drizzle', 'Rain Dish']",Pelipperペリッパー
280,Ralts,psychic,fairy,28,25,25,45,35,40,Feeling Pokémon,3,0,"['Synchronize', 'Trace', 'Telepathy']",Raltsラルトス
281,Kirlia,psychic,fairy,38,35,35,65,55,50,Emotion Pokémon,3,0,"['Synchronize', 'Trace', 'Telepathy']",Kirliaキルリア
282,Gardevoir,psychic,fairy,68,85,65,165,135,100,Embrace Pokémon,3,0,"['Synchronize', 'Trace', 'Telepathy']",Sirnightサーナイト
283,Surskit,bug,water,40,30,32,50,52,65,Pond Skater Pokémon,3,0,"['Swift Swim', 'Rain Dish']",Ametamaアメタマ
284,Masquerain,bug,flying,70,60,62,100,82,80,Eyeball Pokémon,3,0,"['Intimidate', 'Unnerve']",Amemothアメモース
285,Shroomish,grass,,60,40,60,40,60,35,Mushroom Pokémon,3,0,"['Effect Spore', 'Poison Heal', 'Quick Feet']",Kinococoキノココ
286,Breloom,grass,fighting,60,130,80,60,60,70,Mushroom Pokémon,3,0,"['Effect Spore', 'Poison Heal', 'Technician']",Kinogassaキノガッサ
287,Slakoth,normal,,60,60,60,35,35,30,Slacker Pokémon,3,0,['Truant'],Namakeroナマケロ
288,Vigoroth,normal,,80,80,80,55,55,90,Wild Monkey Pokémon,3,0,['Vital Spirit'],Yarukimonoヤルキモノ
289,Slaking,normal,,150,160,100,95,65,100,Lazy Pokémon,3,0,['Truant'],Kekkingケッキング
290,Nincada,bug,ground,31,45,90,30,30,40,Trainee Pokémon,3,0,"['Compoundeyes', 'Run Away']",Tutininツチニン
291,Ninjask,bug,flying,61,90,45,50,50,160,Ninja Pokémon,3,0,"['Speed Boost', 'Infiltrator']",Tekkaninテッカニン
292,Shedinja,bug,ghost,1,90,45,30,30,40,Shed Pokémon,3,0,['Wonder Guard'],Nukeninヌケニン
293,Whismur,normal,,64,51,23,51,23,28,Whisper Pokémon,3,0,"['Soundproof', 'Rattled']",Gonyonyoゴニョニョ
294,Loudred,normal,,84,71,43,71,43,48,Big Voice Pokémon,3,0,"['Soundproof', 'Scrappy']",Dogohmbドゴーム
295,Exploud,normal,,104,91,63,91,73,68,Loud Noise Pokémon,3,0,"['Soundproof', 'Scrappy']",Bakuongバクオング
296,Makuhita,fighting,,72,60,30,20,30,25,Guts Pokémon,3,0,"['Thick Fat', 'Guts', 'Sheer Force']",Makunoshitaマクノシタ
297,Hariyama,fighting,,144,120,60,40,60,50,Arm Thrust Pokémon,3,0,"['Thick Fat', 'Guts', 'Sheer Force']",Hariteyamaハリテヤマ
298,Azurill,normal,fairy,50,20,40,20,40,20,Polka Dot Pokémon,3,0,"['Thick Fat', 'Huge Power', 'Sap Sipper']",Ruririルリリ
299,Nosepass,rock,,30,45,135,45,90,30,Compass Pokémon,3,0,"['Sturdy', 'Magnet Pull', 'Sand Force']",Nosepassノズパス
300,Skitty,normal,,50,45,45,35,35,50,Kitten Pokémon,3,0,"['Cute Charm', 'Normalize', 'Wonder Skin ']",Enecoエネコ
301,Delcatty,normal,,70,65,65,55,55,90,Prim Pokémon,3,0,"['Cute Charm', 'Normalize', 'Wonder Skin ']",Enekororoエネコロロ
302,Sableye,dark,ghost,50,85,125,85,115,20,Darkness Pokémon,3,0,"['Keen Eye', 'Stall', 'Prankster']",Yamiramiヤミラミ
303,Mawile,steel,fairy,50,105,125,55,95,50,Deceiver Pokémon,3,0,"['Hyper Cutter', 'Intimidate', 'Sheer Force']",Kucheatクチート
304,Aron,steel,rock,50,70,100,40,40,30,Iron Armor Pokémon,3,0,"['Sturdy', 'Rock Head', 'Heavy Metal']",Cokodoraココドラ
305,Lairon,steel,rock,60,90,140,50,50,40,Iron Armor Pokémon,3,0,"['Sturdy', 'Rock Head', 'Heavy Metal']",Kodoraコドラ
306,Aggron,steel,rock,70,140,230,60,80,50,Iron Armor Pokémon,3,0,"['Sturdy', 'Rock Head', 'Heavy Metal']",Bossgodoraボスゴドラ
307,Meditite,fighting,psychic,30,40,55,40,55,60,Meditate Pokémon,3,0,"['Pure Power', 'Telepathy']",Asananアサナン
308,Medicham,fighting,psychic,60,100,85,80,85,100,Meditate Pokémon,3,0,"['Pure Power', 'Telepathy']",Charemチャーレム
309,Electrike,electric,,40,45,40,65,40,65,Lightning Pokémon,3,0,"['Static', 'Lightningrod', 'Minus']",Rakuraiラクライ
310,Manectric,electric,,70,75,80,135,80,135,Discharge Pokémon,3,0,"['Static', 'Lightningrod', 'Minus']",Livoltライボルト
311,Plusle,electric,,60,50,40,85,75,95,Cheering Pokémon,3,0,"['Plus', 'Lightningrod']",Prasleプラスル
312,Minun,electric,,60,40,50,75,85,95,Cheering Pokémon,3,0,"['Minus', 'Volt Absorb']",Minunマイナン
313,Volbeat,bug,,65,73,75,47,85,85,Firefly Pokémon,3,0,"['Illuminate', 'Swarm', 'Prankster']",Barubeatバルビート
314,Illumise,bug,,65,47,75,73,85,85,Firefly Pokémon,3,0,"['Oblivious', 'Tinted Lens', 'Prankster']",Illumiseイルミーゼ
315,Roselia,grass,poison,50,60,45,100,80,65,Thorn Pokémon,3,0,"['Natural Cure', 'Poison Point', 'Leaf Guard']",Roseliaロゼリア
316,Gulpin,poison,,70,43,53,43,53,40,Stomach Pokémon,3,0,"['Liquid Ooze', 'Sticky Hold', 'Gluttony']",Gokulinゴクリン
317,Swalot,poison,,100,73,83,73,83,55,Poison Bag Pokémon,3,0,"['Liquid Ooze', 'Sticky Hold', 'Gluttony']",Marunoomマルノーム
318,Carvanha,water,dark,45,90,20,65,20,65,Savage Pokémon,3,0,"['Rough Skin', 'Speed Boost']",Kibanhaキバニア
319,Sharpedo,water,dark,70,140,70,110,65,105,Brutal Pokémon,3,0,"['Rough Skin', 'Speed Boost']",Samehaderサメハダー
320,Wailmer,water,,130,70,35,70,35,60,Ball Whale Pokémon,3,0,"['Water Veil', 'Oblivious', 'Pressure']",Hoerukoホエルコ
321,Wailord,water,,170,90,45,90,45,60,Float Whale Pokémon,3,0,"['Water Veil', 'Oblivious', 'Pressure']",Whalohホエルオー
322,Numel,fire,ground,60,60,40,65,45,35,Numb Pokémon,3,0,"['Oblivious', 'Simple', 'Own Tempo']",Donmelドンメル
323,Camerupt,fire,ground,70,120,100,145,105,20,Eruption Pokémon,3,0,"['Magma Armor', 'Solid Rock', 'Anger Point']",Bakuudaバクーダ
324,Torkoal,fire,,70,85,140,85,70,20,Coal Pokémon,3,0,"['White Smoke', 'Drought', 'Shell Armor']",Cotoiseコータス
325,Spoink,psychic,,60,25,35,70,80,60,Bounce Pokémon,3,0,"['Thick Fat', 'Own Tempo', 'Gluttony']",Banebooバネブー
326,Grumpig,psychic,,80,45,65,90,110,80,Manipulate Pokémon,3,0,"['Thick Fat', 'Own Tempo', 'Gluttony']",Boopigブーピッグ
327,Spinda,normal,,60,60,60,60,60,60,Spot Panda Pokémon,3,0,"['Own Tempo', 'Tangled Feet', 'Contrary']",Patcheelパッチール
328,Trapinch,ground,,45,100,45,45,45,10,Ant Pit Pokémon,3,0,"['Hyper Cutter', 'Arena Trap', 'Sheer Force']",Nuckrarナックラー
329,Vibrava,ground,dragon,50,70,50,50,50,70,Vibration Pokémon,3,0,['Levitate'],Vibravaビブラーバ
330,Flygon,ground,dragon,80,100,80,80,80,100,Mystic Pokémon,3,0,['Levitate'],Flygonフライゴン
331,Cacnea,grass,,50,85,40,85,40,35,Cactus Pokémon,3,0,"['Sand Veil', 'Water Absorb']",Saboneaサボネア
332,Cacturne,grass,dark,70,115,60,115,60,55,Scarecrow Pokémon,3,0,"['Sand Veil', 'Water Absorb']",Noctusノクタス
333,Swablu,normal,flying,45,40,60,40,75,50,Cotton Bird Pokémon,3,0,"['Natural Cure', 'Cloud Nine']",Tylttoチルット
334,Altaria,dragon,flying,75,110,110,110,105,80,Humming Pokémon,3,0,"['Natural Cure', 'Cloud Nine']",Tyltalisチルタリス
335,Zangoose,normal,,73,115,60,60,60,90,Cat Ferret Pokémon,3,0,"['Immunity', 'Toxic Boost']",Zangooseザングース
336,Seviper,poison,,73,100,60,100,60,65,Fang Snake Pokémon,3,0,"['Shed Skin', 'Infiltrator']",Habunakeハブネーク
337,Lunatone,rock,psychic,90,55,65,95,85,70,Meteorite Pokémon,3,0,['Levitate'],Lunatoneルナトーン
338,Solrock,rock,psychic,90,95,85,55,65,70,Meteorite Pokémon,3,0,['Levitate'],Solrockソルロック
339,Barboach,water,ground,50,48,43,46,41,60,Whiskers Pokémon,3,0,"['Oblivious', 'Anticipation', 'Hydration']",Dojoachドジョッチ
340,Whiscash,water,ground,110,78,73,76,71,60,Whiskers Pokémon,3,0,"['Oblivious', 'Anticipation', 'Hydration']",Namazunナマズン
341,Corphish,water,,43,80,65,50,35,35,Ruffian Pokémon,3,0,"['Hyper Cutter', 'Shell Armor', 'Adaptability']",Heiganiヘイガニ
342,Crawdaunt,water,dark,63,120,85,90,55,55,Rogue Pokémon,3,0,"['Hyper Cutter', 'Shell Armor', 'Adaptability']",Shizarigerシザリガー
343,Baltoy,ground,psychic,40,40,55,40,70,55,Clay Doll Pokémon,3,0,['Levitate'],Yajilonヤジロン
344,Claydol,ground,psychic,60,70,105,70,120,75,Clay Doll Pokémon,3,0,['Levitate'],Nendollネンドール
345,Lileep,rock,grass,66,41,77,61,87,23,Sea Lily Pokémon,3,0,"['Suction Cups', 'Storm Drain']",Lilylaリリーラ
346,Cradily,rock,grass,86,81,97,81,107,43,Barnacle Pokémon,3,0,"['Suction Cups', 'Storm Drain']",Yuradleユレイドル
347,Anorith,rock,bug,45,95,50,40,50,75,Old Shrimp Pokémon,3,0,"['Battle Armor', 'Swift Swim']",Anopthアノプス
348,Armaldo,rock,bug,75,125,100,70,80,45,Plate Pokémon,3,0,"['Battle Armor', 'Swift Swim']",Armaldoアーマルド
349,Feebas,water,,20,15,20,10,55,80,Fish Pokémon,3,0,"['Swift Swim', 'Oblivious', 'Adaptability']",Hinbassヒンバス
350,Milotic,water,,95,60,79,100,125,81,Tender Pokémon,3,0,"['Marvel Scale', 'Competitive', 'Cute Charm']",Milokarossミロカロス
351,Castform,normal,,70,70,70,70,70,70,Weather Pokémon,3,0,['Forecast'],Powalenポワルン
352,Kecleon,normal,,60,90,70,60,120,40,Color Swap Pokémon,3,0,"['Color Change', 'Protean']",Kakureonカクレオン
353,Shuppet,ghost,,44,75,35,63,33,45,Puppet Pokémon,3,0,"['Insomnia', 'Frisk', 'Cursed Body']",Kagebouzuカゲボウズ
354,Banette,ghost,,64,165,75,93,83,75,Marionette Pokémon,3,0,"['Insomnia', 'Frisk', 'Cursed Body']",Juppetaジュペッタ
355,Duskull,ghost,,20,40,90,30,90,25,Requiem Pokémon,3,0,"['Levitate', 'Frisk']",Yomawaruヨマワル
356,Dusclops,ghost,,40,70,130,60,130,25,Beckon Pokémon,3,0,"['Pressure', 'Frisk']",Samayouruサマヨール
357,Tropius,grass,flying,99,68,83,72,87,51,Fruit Pokémon,3,0,"['Chlorophyll', 'Solar Power', 'Harvest']",Tropiusトロピウス
358,Chimecho,psychic,,75,50,80,95,90,65,Wind Chime Pokémon,3,0,['Levitate'],Chireanチリーン
359,Absol,dark,,65,150,60,115,60,115,Disaster Pokémon,3,0,"['Pressure', 'Super Luck', 'Justified']",Absolアブソル
360,Wynaut,psychic,,95,23,48,23,48,23,Bright Pokémon,3,0,"['Shadow Tag', 'Telepathy']",Sohnanoソーナノ
361,Snorunt,ice,,50,50,50,50,50,50,Snow Hat Pokémon,3,0,"['Inner Focus', 'Ice Body', 'Moody']",Yukiwarashiユキワラシ
362,Glalie,ice,,80,120,80,120,80,100,Face Pokémon,3,0,"['Inner Focus', 'Ice Body', 'Moody']",Onigohriオニゴーリ
363,Spheal,ice,water,70,40,50,55,50,25,Clap Pokémon,3,0,"['Thick Fat', 'Ice Body', 'Oblivious']",Tamazarashiタマザラシ
364,Sealeo,ice,water,90,60,70,75,70,45,Ball Roll Pokémon,3,0,"['Thick Fat', 'Ice Body', 'Oblivious']",Todogglerトドグラー
365,Walrein,ice,water,110,80,90,95,90,65,Ice Break Pokémon,3,0,"['Thick Fat', 'Ice Body', 'Oblivious']",Todoserugaトドゼルガ
366,Clamperl,water,,35,64,85,74,55,32,Bivalve Pokémon,3,0,"['Shell Armor', 'Rattled']",Pearluluパールル
367,Huntail,water,,55,104,105,94,75,52,Deep Sea Pokémon,3,0,"['Swift Swim', 'Water Veil']",Huntailハンテール
368,Gorebyss,water,,55,84,105,114,75,52,South Sea Pokémon,3,0,"['Swift Swim', 'Hydration']",Sakurabyssサクラビス
369,Relicanth,water,rock,100,90,130,45,65,55,Longevity Pokémon,3,0,"['Swift Swim', 'Rock Head', 'Sturdy']",Glanthジーランス
370,Luvdisc,water,,43,30,55,40,65,97,Rendezvous Pokémon,3,0,"['Swift Swim', 'Hydration']",Lovecusラブカス
371,Bagon,dragon,,45,75,60,40,30,50,Rock Head Pokémon,3,0,"['Rock Head', 'Sheer Force']",Tatsubayタツベイ
372,Shelgon,dragon,,65,95,100,60,50,50,Endurance Pokémon,3,0,"['Rock Head', 'Overcoat']",Komoruuコモルー
373,Salamence,dragon,flying,95,145,130,120,90,120,Dragon Pokémon,3,0,"['Intimidate', 'Moxie']",Bohmanderボーマンダ
374,Beldum,steel,psychic,40,55,80,35,60,30,Iron Ball Pokémon,3,0,"['Clear Body', 'Light Metal']",Dumbberダンバル
375,Metang,steel,psychic,60,75,100,55,80,50,Iron Claw Pokémon,3,0,"['Clear Body', 'Light Metal']",Metangメタング
376,Metagross,steel,psychic,80,145,150,105,110,110,Iron Leg Pokémon,3,0,"['Clear Body', 'Light Metal']",Metagrossメタグロス
377,Regirock,rock,,80,100,200,50,100,50,Rock Peak Pokémon,3,1,"['Clear Body', 'Sturdy']",Regirockレジロック
378,Regice,ice,,80,50,100,100,200,50,Iceberg Pokémon,3,1,"['Clear Body', 'Ice Body']",Regiceレジアイス
379,Registeel,steel,,80,75,150,75,150,50,Iron Pokémon,3,1,"['Clear Body', 'Light Metal']",Registeelレジスチル
380,Latias,dragon,psychic,80,100,120,140,150,110,Eon Pokémon,3,1,['Levitate'],Latiasラティアス
381,Latios,dragon,psychic,80,130,100,160,120,110,Eon Pokémon,3,1,['Levitate'],Latiosラティオス
382,Kyogre,water,,100,150,90,180,160,90,Sea Basin Pokémon,3,1,['Drizzle'],Kyogreカイオーガ
383,Groudon,ground,,100,180,160,150,90,90,Continent Pokémon,3,1,['Drought'],Groudonグラードン
384,Rayquaza,dragon,flying,105,180,100,180,100,115,Sky High Pokémon,3,1,['Air Lock'],Rayquazaレックウザ
385,Jirachi,steel,psychic,100,100,100,100,100,100,Wish Pokémon,3,1,['Serene Grace'],Jirachiジラーチ
386,Deoxys,psychic,,50,95,90,95,90,180,DNA Pokémon,3,1,['Pressure'],Deoxysデオキシス
387,Turtwig,grass,,55,68,64,45,55,31,Tiny Leaf Pokémon,4,0,"['Overgrow', 'Shell Armor']",Naetleナエトル
388,Grotle,grass,,75,89,85,55,65,36,Grove Pokémon,4,0,"['Overgrow', 'Shell Armor']",Hayashigameハヤシガメ
389,Torterra,grass,ground,95,109,105,75,85,56,Continent Pokémon,4,0,"['Overgrow', 'Shell Armor']",Dodaitoseドダイトス
390,Chimchar,fire,,44,58,44,58,44,61,Chimp Pokémon,4,0,"['Blaze', 'Iron Fist']",Hikozaruヒコザル
391,Monferno,fire,fighting,64,78,52,78,52,81,Playful Pokémon,4,0,"['Blaze', 'Iron Fist']",Moukazaruモウカザル
392,Infernape,fire,fighting,76,104,71,104,71,108,Flame Pokémon,4,0,"['Blaze', 'Iron Fist']",Goukazaruゴウカザル
393,Piplup,water,,53,51,53,61,56,40,Penguin Pokémon,4,0,"['Torrent', 'Defiant']",Pochamaポッチャマ
394,Prinplup,water,,64,66,68,81,76,50,Penguin Pokémon,4,0,"['Torrent', 'Defiant']",Pottaishiポッタイシ
395,Empoleon,water,steel,84,86,88,111,101,60,Emperor Pokémon,4,0,"['Torrent', 'Defiant']",Emperteエンペルト
396,Starly,normal,flying,40,55,30,30,30,60,Starling Pokémon,4,0,"['Keen Eye', 'Reckless']",Mukkuruムックル
397,Staravia,normal,flying,55,75,50,40,40,80,Starling Pokémon,4,0,"['Intimidate', 'Reckless']",Mukubirdムクバード
398,Staraptor,normal,flying,85,120,70,50,60,100,Predator Pokémon,4,0,"['Intimidate', 'Reckless']",Mukuhawkムクホーク
399,Bidoof,normal,,59,45,40,35,40,31,Plump Mouse Pokémon,4,0,"['Simple', 'Unaware', 'Moody']",Bippaビッパ
400,Bibarel,normal,water,79,85,60,55,60,71,Beaver Pokémon,4,0,"['Simple', 'Unaware', 'Moody']",Beadaruビーダル
401,Kricketot,bug,,37,25,41,25,41,25,Cricket Pokémon,4,0,"['Shed Skin', 'Run Away']",Korobohshiコロボーシ
402,Kricketune,bug,,77,85,51,55,51,65,Cricket Pokémon,4,0,"['Swarm', 'Technician']",Korotockコロトック
403,Shinx,electric,,45,65,34,40,34,45,Flash Pokémon,4,0,"['Rivalry', 'Intimidate', 'Guts']",Kolinkコリンク
404,Luxio,electric,,60,85,49,60,49,60,Spark Pokémon,4,0,"['Rivalry', 'Intimidate', 'Guts']",Luxioルクシオ
405,Luxray,electric,,80,120,79,95,79,70,Gleam Eyes Pokémon,4,0,"['Rivalry', 'Intimidate', 'Guts']",Rentorarレントラー
406,Budew,grass,poison,40,30,35,50,70,55,Bud Pokémon,4,0,"['Natural Cure', 'Poison Point', 'Leaf Guard']",Subomieスボミー
407,Roserade,grass,poison,60,70,65,125,105,90,Bouquet Pokémon,4,0,"['Natural Cure', 'Poison Point', 'Technician']",Roseradeロズレイド
408,Cranidos,rock,,67,125,40,30,30,58,Head Butt Pokémon,4,0,"['Mold Breaker', 'Sheer Force']",Zugaidosズガイドス
409,Rampardos,rock,,97,165,60,65,50,58,Head Butt Pokémon,4,0,"['Mold Breaker', 'Sheer Force']",Rampaldラムパルド
410,Shieldon,rock,steel,30,42,118,42,88,30,Shield Pokémon,4,0,"['Sturdy', 'Soundproof']",Tatetopsタテトプス
411,Bastiodon,rock,steel,60,52,168,47,138,30,Shield Pokémon,4,0,"['Sturdy', 'Soundproof']",Toridepsトリデプス
412,Burmy,bug,,40,29,45,29,45,36,Bagworm Pokémon,4,0,"['Shed Skin', 'Overcoat']",Minomucchiミノムッチ
413,Wormadam,bug,grass,60,69,95,69,95,36,Bagworm Pokémon,4,0,"['Anticipation', 'Overcoat']",Minomadam (kusaki No Mino)ミノマダム
414,Mothim,bug,flying,70,94,50,94,50,66,Moth Pokémon,4,0,"['Swarm', 'Tinted Lens']",Gamaleガーメイル
415,Combee,bug,flying,30,30,42,30,42,70,Tiny Bee Pokémon,4,0,"['Honey Gather', 'Hustle']",Mitsuhoneyミツハニー
416,Vespiquen,bug,flying,70,80,102,80,102,40,Beehive Pokémon,4,0,"['Pressure', 'Unnerve']",Beequenビークイン
417,Pachirisu,electric,,60,45,70,45,90,95,EleSquirrel Pokémon,4,0,"['Run Away', 'Pickup', 'Volt Absorb']",Pachirisuパチリス
418,Buizel,water,,55,65,35,60,30,85,Sea Weasel Pokémon,4,0,"['Swift Swim', 'Water Veil']",Buoyselブイゼル
419,Floatzel,water,,85,105,55,85,50,115,Sea Weasel Pokémon,4,0,"['Swift Swim', 'Water Veil']",Floazelフローゼル
420,Cherubi,grass,,45,35,45,62,53,35,Cherry Pokémon,4,0,['Chlorophyll'],Cherinboチェリンボ
421,Cherrim,grass,,70,60,70,87,78,85,Blossom Pokémon,4,0,['Flower Gift'],Cherrimチェリム
422,Shellos,water,,76,48,48,57,62,34,Sea Slug Pokémon,4,0,"['Sticky Hold', 'Storm Drain', 'Sand Force']",Karanakushiカラナクシ
423,Gastrodon,water,ground,111,83,68,92,82,39,Sea Slug Pokémon,4,0,"['Sticky Hold', 'Storm Drain', 'Sand Force']",Tritodonトリトドン
424,Ambipom,normal,,75,100,66,60,66,115,Long Tail Pokémon,4,0,"['Technician', 'Pickup', 'Skill Link']",Etebothエテボース
425,Drifloon,ghost,flying,90,50,34,60,44,70,Balloon Pokémon,4,0,"['Aftermath', 'Unburden', 'Flare Boost']",Fuwanteフワンテ
426,Drifblim,ghost,flying,150,80,44,90,54,80,Blimp Pokémon,4,0,"['Aftermath', 'Unburden', 'Flare Boost']",Fuwarideフワライド
427,Buneary,normal,,55,66,44,44,56,85,Rabbit Pokémon,4,0,"['Run Away', 'Klutz', 'Limber']",Mimirolミミロル
428,Lopunny,normal,,65,136,94,54,96,135,Rabbit Pokémon,4,0,"['Cute Charm', 'Klutz', 'Limber']",Mimilopミミロップ
429,Mismagius,ghost,,60,60,60,105,105,105,Magical Pokémon,4,0,['Levitate'],Mumargiムウマージ
430,Honchkrow,dark,flying,100,125,52,105,52,71,Big Boss Pokémon,4,0,"['Insomnia', 'Super Luck', 'Moxie']",Dongkarasuドンカラス
431,Glameow,normal,,49,55,42,42,37,85,Catty Pokémon,4,0,"['Limber', 'Own Tempo', 'Keen Eye']",Nyarmarニャルマー
432,Purugly,normal,,71,82,64,64,59,112,Tiger Cat Pokémon,4,0,"['Thick Fat', 'Own Tempo', 'Defiant']",Bunyattoブニャット
433,Chingling,psychic,,45,30,50,65,50,45,Bell Pokémon,4,0,['Levitate'],Lisyanリーシャン
434,Stunky,poison,dark,63,63,47,41,41,74,Skunk Pokémon,4,0,"['Stench', 'Aftermath', 'Keen Eye']",Skunpuuスカンプー
435,Skuntank,poison,dark,103,93,67,71,61,84,Skunk Pokémon,4,0,"['Stench', 'Aftermath', 'Keen Eye']",Skutankスカタンク
436,Bronzor,steel,psychic,57,24,86,24,86,23,Bronze Pokémon,4,0,"['Levitate', 'Heatproof', 'Heavy Metal']",Dohmirrorドーミラー
437,Bronzong,steel,psychic,67,89,116,79,116,33,Bronze Bell Pokémon,4,0,"['Levitate', 'Heatproof', 'Heavy Metal']",Dohtakunドータクン
438,Bonsly,rock,,50,80,95,10,45,10,Bonsai Pokémon,4,0,"['Sturdy', 'Rock Head', 'Rattled']",Usohachiウソハチ
439,Mime Jr.,psychic,fairy,20,25,45,70,90,60,Mime Pokémon,4,0,"['Soundproof', 'Filter', 'Technician']",Maneneマネネ
440,Happiny,normal,,100,5,5,15,65,30,Playhouse Pokémon,4,0,"['Natural Cure', 'Serene Grace', 'Friend Guard']",Pinpukuピンプク
441,Chatot,normal,flying,76,65,45,92,42,91,Music Note Pokémon,4,0,"['Keen Eye', 'Tangled Feet', 'Big Pecks']",Perapペラップ
442,Spiritomb,ghost,dark,50,92,108,92,108,35,Forbidden Pokémon,4,0,"['Pressure', 'Infiltrator']",Mikarugeミカルゲ
443,Gible,dragon,ground,58,70,45,40,45,42,Land Shark Pokémon,4,0,"['Sand Veil', 'Rough Skin']",Fukamaruフカマル
444,Gabite,dragon,ground,68,90,65,50,55,82,Cave Pokémon,4,0,"['Sand Veil', 'Rough Skin']",Gabiteガバイト
445,Garchomp,dragon,ground,108,170,115,120,95,92,Mach Pokémon,4,0,"['Sand Veil', 'Rough Skin']",Gaburiasガブリアス
446,Munchlax,normal,,135,85,40,40,85,5,Big Eater Pokémon,4,0,"['Pickup', 'Thick Fat', 'Gluttony']",Gonbeゴンベ
447,Riolu,fighting,,40,70,40,35,40,60,Emanation Pokémon,4,0,"['Steadfast', 'Inner Focus', 'Prankster']",Rioluリオル
448,Lucario,fighting,steel,70,145,88,140,70,112,Aura Pokémon,4,0,"['Steadfast', 'Inner Focus', 'Justified']",Lucarioルカリオ
449,Hippopotas,ground,,68,72,78,38,42,32,Hippo Pokémon,4,0,"['Sand Stream', 'Sand Force']",Hippopotasヒポポタス
450,Hippowdon,ground,,108,112,118,68,72,47,Heavyweight Pokémon,4,0,"['Sand Stream', 'Sand Force']",Kabaldonカバルドン
451,Skorupi,poison,bug,40,50,90,30,55,65,Scorpion Pokémon,4,0,"['Battle Armor', 'Sniper', 'Keen Eye']",Scorupiスコルピ
452,Drapion,poison,dark,70,90,110,60,75,95,Ogre Scorp Pokémon,4,0,"['Battle Armor', 'Sniper', 'Keen Eye']",Dorapionドラピオン
453,Croagunk,poison,fighting,48,61,40,61,40,50,Toxic Mouth Pokémon,4,0,"['Anticipation', 'Dry Skin', 'Poison Touch']",Gureggruグレッグル
454,Toxicroak,poison,fighting,83,106,65,86,65,85,Toxic Mouth Pokémon,4,0,"['Anticipation', 'Dry Skin', 'Poison Touch']",Dokurogドクロッグ
455,Carnivine,grass,,74,100,72,90,72,46,Bug Catcher Pokémon,4,0,['Levitate'],Muskippaマスキッパ
456,Finneon,water,,49,49,56,49,61,66,Wing Fish Pokémon,4,0,"['Swift Swim', 'Storm Drain', 'Water Veil']",Keikouoケイコウオ
457,Lumineon,water,,69,69,76,69,86,91,Neon Pokémon,4,0,"['Swift Swim', 'Storm Drain', 'Water Veil']",Neolantネオラント
458,Mantyke,water,flying,45,20,50,60,120,50,Kite Pokémon,4,0,"['Swift Swim', 'Water Absorb', 'Water Veil']",Tamantaタマンタ
459,Snover,grass,ice,60,62,50,62,60,40,Frosted Tree Pokémon,4,0,"['Snow Warning', 'Soundproof']",Yukikaburiユキカブリ
460,Abomasnow,grass,ice,90,132,105,132,105,30,Frosted Tree Pokémon,4,0,"['Snow Warning', 'Soundproof']",Yukinoohユキノオー
461,Weavile,dark,ice,70,120,65,45,85,125,Sharp Claw Pokémon,4,0,"['Pressure', 'Pickpocket']",Manyulaマニューラ
462,Magnezone,electric,steel,70,70,115,130,90,60,Magnet Area Pokémon,4,0,"['Magnet Pull', 'Sturdy', 'Analytic']",Jibacoilジバコイル
463,Lickilicky,normal,,110,85,95,80,95,50,Licking Pokémon,4,0,"['Own Tempo', 'Oblivious', 'Cloud Nine']",Berobeltベロベルト
464,Rhyperior,ground,rock,115,140,130,55,55,40,Drill Pokémon,4,0,"['Lightningrod', 'Solid Rock', 'Reckless']",Dosidonドサイドン
465,Tangrowth,grass,,100,100,125,110,50,50,Vine Pokémon,4,0,"['Chlorophyll', 'Leaf Guard', 'Regenerator']",Mojumboモジャンボ
466,Electivire,electric,,75,123,67,95,85,95,Thunderbolt Pokémon,4,0,"['Motor Drive', 'Vital Spirit']",Elekibleエレキブル
467,Magmortar,fire,,75,95,67,125,95,83,Blast Pokémon,4,0,"['Flame Body', 'Vital Spirit']",Booburnブーバーン
468,Togekiss,fairy,flying,85,50,95,120,115,80,Jubilee Pokémon,4,0,"['Hustle', 'Serene Grace', 'Super Luck']",Togekissトゲキッス
469,Yanmega,bug,flying,86,76,86,116,56,95,Ogre Darner Pokémon,4,0,"['Speed Boost', 'Tinted Lens', 'Frisk']",Megayanmaメガヤンマ
470,Leafeon,grass,,65,110,130,60,65,95,Verdant Pokémon,4,0,"['Leaf Guard', 'Chlorophyll']",Leafiaリーフィア
471,Glaceon,ice,,65,60,110,130,95,65,Fresh Snow Pokémon,4,0,"['Snow Cloak', 'Ice Body']",Glaciaグレイシア
472,Gliscor,ground,flying,75,95,125,45,75,95,Fang Scorp Pokémon,4,0,"['Hyper Cutter', 'Sand Veil', 'Poison Heal']",Glionグライオン
473,Mamoswine,ice,ground,110,130,80,70,60,80,Twin Tusk Pokémon,4,0,"['Oblivious', 'Snow Cloak', 'Thick Fat']",Mammooマンムー
474,Porygon-Z,normal,,85,80,70,135,75,90,Virtual Pokémon,4,0,"['Adaptability', 'Download', 'Analytic']",Porygon-zポリゴンＺ
475,Gallade,psychic,fighting,68,165,95,65,115,110,Blade Pokémon,4,0,"['Steadfast', 'Justified']",Erureidoエルレイド
476,Probopass,rock,steel,60,55,145,75,150,40,Compass Pokémon,4,0,"['Sturdy', 'Magnet Pull', 'Sand Force']",Dainoseダイノーズ
477,Dusknoir,ghost,,45,100,135,65,135,45,Gripper Pokémon,4,0,"['Pressure', 'Frisk']",Yonoirヨノワール
478,Froslass,ice,ghost,70,80,70,80,70,110,Snow Land Pokémon,4,0,"['Snow Cloak', 'Cursed Body']",Yukimenokoユキメノコ
479,Rotom,electric,ghost,50,65,107,105,107,86,Plasma Pokémon,4,0,['Levitate'],Rotomロトム
480,Uxie,psychic,,75,75,130,75,130,95,Knowledge Pokémon,4,1,['Levitate'],Yuxieユクシー
481,Mesprit,psychic,,80,105,105,105,105,80,Emotion Pokémon,4,1,['Levitate'],Emritエムリット
482,Azelf,psychic,,75,125,70,125,70,115,Willpower Pokémon,4,1,['Levitate'],Agnomeアグノム
483,Dialga,steel,dragon,100,120,120,150,100,90,Temporal Pokémon,4,1,"['Pressure', 'Telepathy']",Dialgaディアルガ
484,Palkia,water,dragon,90,120,100,150,120,100,Spatial Pokémon,4,1,"['Pressure', 'Telepathy']",Palkiaパルキア
485,Heatran,fire,steel,91,90,106,130,106,77,Lava Dome Pokémon,4,1,"['Flash Fire', 'Flame Body']",Heatranヒードラン
486,Regigigas,normal,,110,160,110,80,110,100,Colossal Pokémon,4,1,['Slow Start'],Regigigasレジギガス
487,Giratina,ghost,dragon,150,120,100,120,100,90,Renegade Pokémon,4,1,"['Pressure', 'Telepathy', 'Levitate']",Giratina (another Forme)ギラティナ
488,Cresselia,psychic,,120,70,120,75,130,85,Lunar Pokémon,4,1,['Levitate'],Cresseliaクレセリア
489,Phione,water,,80,80,80,80,80,80,Sea Drifter Pokémon,4,0,['Hydration'],Phioneフィオネ
490,Manaphy,water,,100,100,100,100,100,100,Seafaring Pokémon,4,1,['Hydration'],Manaphyマナフィ
491,Darkrai,dark,,70,90,90,135,90,125,Pitch-Black Pokémon,4,1,['Bad Dreams'],Darkraiダークライ
492,Shaymin,grass,grass,100,103,75,120,75,127,Gratitude Pokémon,4,1,"['Natural Cure', 'Serene Grace']",Shaymin (sky Forme)シェイミ
493,Arceus,normal,,120,120,120,120,120,120,Alpha Pokémon,4,1,['Multitype'],Arceusアルセウス
494,Victini,psychic,fire,100,100,100,100,100,100,Victory Pokémon,5,1,['Victory Star'],Victiniビクティニ
495,Snivy,grass,,45,45,55,45,55,63,Grass Snake Pokémon,5,0,"['Overgrow', 'Contrary']",Tsutarjaツタージャ
496,Servine,grass,,60,60,75,60,75,83,Grass Snake Pokémon,5,0,"['Overgrow', 'Contrary']",Janovyジャノビー
497,Serperior,grass,,75,75,95,75,95,113,Regal Pokémon,5,0,"['Overgrow', 'Contrary']",Jalordaジャローダ
498,Tepig,fire,,65,63,45,45,45,45,Fire Pig Pokémon,5,0,"['Blaze', 'Thick Fat']",Pokabuポカブ
499,Pignite,fire,fighting,90,93,55,70,55,55,Fire Pig Pokémon,5,0,"['Blaze', 'Thick Fat']",Chaobooチャオブー
500,Emboar,fire,fighting,110,123,65,100,65,65,Mega Fire Pig Pokémon,5,0,"['Blaze', 'Reckless']",Enbuohエンブオー
501,Oshawott,water,,55,55,45,63,45,45,Sea Otter Pokémon,5,0,"['Torrent', 'Shell Armor']",Mijumaruミジュマル
502,Dewott,water,,75,75,60,83,60,60,Discipline Pokémon,5,0,"['Torrent', 'Shell Armor']",Futachimaruフタチマル
503,Samurott,water,,95,100,85,108,70,70,Formidable Pokémon,5,0,"['Torrent', 'Shell Armor']",Daikenkiダイケンキ
504,Patrat,normal,,45,55,39,35,39,42,Scout Pokémon,5,0,"['Run Away', 'Keen Eye', 'Analytic']",Minezumiミネズミ
505,Watchog,normal,,60,85,69,60,69,77,Lookout Pokémon,5,0,"['Illuminate', 'Keen Eye', 'Analytic']",Miruhogミルホッグ
506,Lillipup,normal,,45,60,45,25,45,55,Puppy Pokémon,5,0,"['Vital Spirit', 'Pickup', 'Run Away']",Yorterrieヨーテリー
507,Herdier,normal,,65,80,65,35,65,60,Loyal Dog Pokémon,5,0,"['Intimidate', 'Sand Rush', 'Scrappy']",Herderrieハーデリア
508,Stoutland,normal,,85,110,90,45,90,80,Big-Hearted Pokémon,5,0,"['Intimidate', 'Sand Rush', 'Scrappy']",Moolandムーランド
509,Purrloin,dark,,41,50,37,50,37,66,Devious Pokémon,5,0,"['Limber', 'Unburden', 'Prankster']",Choronekoチョロネコ
510,Liepard,dark,,64,88,50,88,50,106,Cruel Pokémon,5,0,"['Limber', 'Unburden', 'Prankster']",Lepardasレパルダス
511,Pansage,grass,,50,53,48,53,48,64,Grass Monkey Pokémon,5,0,"['Gluttony', 'Overgrow']",Yanappuヤナップ
512,Simisage,grass,,75,98,63,98,63,101,Thorn Monkey Pokémon,5,0,"['Gluttony', 'Overgrow']",Yanakkieヤナッキー
513,Pansear,fire,,50,53,48,53,48,64,High Temp Pokémon,5,0,"['Gluttony', 'Blaze']",Baoppuバオップ
514,Simisear,fire,,75,98,63,98,63,101,Ember Pokémon,5,0,"['Gluttony', 'Blaze']",Baokkieバオッキー
515,Panpour,water,,50,53,48,53,48,64,Spray Pokémon,5,0,"['Gluttony', 'Torrent']",Hiyappuヒヤップ
516,Simipour,water,,75,98,63,98,63,101,Geyser Pokémon,5,0,"['Gluttony', 'Torrent']",Hiyakkieヒヤッキー
517,Munna,psychic,,76,25,45,67,55,24,Dream Eater Pokémon,5,0,"['Forewarn', 'Synchronize', 'Telepathy']",Munnaムンナ
518,Musharna,psychic,,116,55,85,107,95,29,Drowsing Pokémon,5,0,"['Forewarn', 'Synchronize', 'Telepathy']",Musharnaムシャーナ
519,Pidove,normal,flying,50,55,50,36,30,43,Tiny Pigeon Pokémon,5,0,"['Big Pecks', 'Super Luck', 'Rivalry']",Mamepatoマメパト
520,Tranquill,normal,flying,62,77,62,50,42,65,Wild Pigeon Pokémon,5,0,"['Big Pecks', 'Super Luck', 'Rivalry']",Hatobohハトーボー
521,Unfezant,normal,flying,80,115,80,65,55,93,Proud Pokémon,5,0,"['Big Pecks', 'Super Luck', 'Rivalry']",Kenhallowケンホロウ
522,Blitzle,electric,,45,60,32,50,32,76,Electrified Pokémon,5,0,"['Lightningrod', 'Motor Drive', 'Sap Sipper']",Shimamaシママ
523,Zebstrika,electric,,75,100,63,80,63,116,Thunderbolt Pokémon,5,0,"['Lightningrod', 'Motor Drive', 'Sap Sipper']",Zebraikaゼブライカ
524,Roggenrola,rock,,55,75,85,25,25,15,Mantle Pokémon,5,0,"['Sturdy', 'Weak Armor', 'Sand Force']",Dangoroダンゴロ
525,Boldore,rock,,70,105,105,50,40,20,Ore Pokémon,5,0,"['Sturdy', 'Weak Armor', 'Sand Force']",Gantleガントル
526,Gigalith,rock,,85,135,130,60,80,25,Compressed Pokémon,5,0,"['Sturdy', 'Sand Stream', 'Sand Force']",Gigaiathギガイアス
527,Woobat,psychic,flying,65,45,43,55,43,72,Bat Pokémon,5,0,"['Unaware', 'Klutz', 'Simple']",Koromoriコロモリ
528,Swoobat,psychic,flying,67,57,55,77,55,114,Courting Pokémon,5,0,"['Unaware', 'Klutz', 'Simple']",Kokoromoriココロモリ
529,Drilbur,ground,,60,85,40,30,45,68,Mole Pokémon,5,0,"['Sand Rush', 'Sand Force', 'Mold Breaker']",Mogurewモグリュー
530,Excadrill,ground,steel,110,135,60,50,65,88,Subterrene Pokémon,5,0,"['Sand Rush', 'Sand Force', 'Mold Breaker']",Doryuzuドリュウズ
531,Audino,normal,,103,60,126,80,126,50,Hearing Pokémon,5,0,"['Healer', 'Regenerator', 'Klutz']",Tabunneタブンネ
532,Timburr,fighting,,75,80,55,25,35,35,Muscular Pokémon,5,0,"['Guts', 'Sheer Force', 'Iron Fist']",Dokkorerドッコラー
533,Gurdurr,fighting,,85,105,85,40,50,40,Muscular Pokémon,5,0,"['Guts', 'Sheer Force', 'Iron Fist']",Dotekkotsuドテッコツ
534,Conkeldurr,fighting,,105,140,95,55,65,45,Muscular Pokémon,5,0,"['Guts', 'Sheer Force', 'Iron Fist']",Roubushinローブシン
535,Tympole,water,,50,50,40,50,40,64,Tadpole Pokémon,5,0,"['Swift Swim', 'Hydration', 'Water Absorb']",Otamaroオタマロ
536,Palpitoad,water,ground,75,65,55,65,55,69,Vibration Pokémon,5,0,"['Swift Swim', 'Hydration', 'Water Absorb']",Gamagaruガマガル
537,Seismitoad,water,ground,105,95,75,85,75,74,Vibration Pokémon,5,0,"['Swift Swim', 'Poison Touch', 'Water Absorb']",Gamagerogeガマゲロゲ
538,Throh,fighting,,120,100,85,30,85,45,Judo Pokémon,5,0,"['Guts', 'Inner Focus', 'Mold Breaker']",Nagekiナゲキ
539,Sawk,fighting,,75,125,75,30,75,85,Karate Pokémon,5,0,"['Sturdy', 'Inner Focus', 'Mold Breaker']",Dagekiダゲキ
540,Sewaddle,bug,grass,45,53,70,40,60,42,Sewing Pokémon,5,0,"['Swarm', 'Chlorophyll', 'Overcoat']",Kurumiruクルミル
541,Swadloon,bug,grass,55,63,90,50,80,42,Leaf-Wrapped Pokémon,5,0,"['Leaf Guard', 'Chlorophyll', 'Overcoat']",Kurumayuクルマユ
542,Leavanny,bug,grass,75,103,80,70,80,92,Nurturing Pokémon,5,0,"['Swarm', 'Chlorophyll', 'Overcoat']",Hahakomoriハハコモリ
543,Venipede,bug,poison,30,45,59,30,39,57,Centipede Pokémon,5,0,"['Poison Point', 'Swarm', 'Speed Boost']",Fushideフシデ
544,Whirlipede,bug,poison,40,55,99,40,79,47,Curlipede Pokémon,5,0,"['Poison Point', 'Swarm', 'Speed Boost']",Wheegaホイーガ
545,Scolipede,bug,poison,60,100,89,55,69,112,Megapede Pokémon,5,0,"['Poison Point', 'Swarm', 'Speed Boost']",Pendrorペンドラー
546,Cottonee,grass,fairy,40,27,60,37,50,66,Cotton Puff Pokémon,5,0,"['Prankster', 'Infiltrator', 'Chlorophyll']",Monmenモンメン
547,Whimsicott,grass,fairy,60,67,85,77,75,116,Windveiled Pokémon,5,0,"['Prankster', 'Infiltrator', 'Chlorophyll']",Elfuunエルフーン
548,Petilil,grass,,45,35,50,70,50,30,Bulb Pokémon,5,0,"['Chlorophyll', 'Own Tempo', 'Leaf Guard']",Churineチュリネ
549,Lilligant,grass,,70,60,75,110,75,90,Flowering Pokémon,5,0,"['Chlorophyll', 'Own Tempo', 'Leaf Guard']",Dredearドレディア
550,Basculin,water,,70,92,65,80,55,98,Hostile Pokémon,5,0,"['Reckless', 'Rock Head', 'Adaptability', 'Mold Breaker']",Bassraoバスラオ
551,Sandile,ground,dark,50,72,35,35,35,65,Desert Croc Pokémon,5,0,"['Intimidate', 'Moxie', 'Anger Point']",Megurocoメグロコ
552,Krokorok,ground,dark,60,82,45,45,45,74,Desert Croc Pokémon,5,0,"['Intimidate', 'Moxie', 'Anger Point']",Waruvileワルビル
553,Krookodile,ground,dark,95,117,80,65,70,92,Intimidation Pokémon,5,0,"['Intimidate', 'Moxie', 'Anger Point']",Waruvialワルビアル
554,Darumaka,fire,,70,90,45,15,45,50,Zen Charm Pokémon,5,0,"['Hustle', 'Inner Focus']",Darumakkaダルマッカ
555,Darmanitan,fire,fire,105,30,105,140,105,55,Blazing Pokémon,5,0,"['Sheer Force', 'Zen Mode']",Hihidarumaヒヒダルマ
556,Maractus,grass,,75,86,67,106,67,60,Cactus Pokémon,5,0,"['Water Absorb', 'Chlorophyll', 'Storm Drain']",Maracacchiマラカッチ
557,Dwebble,bug,rock,50,65,85,35,35,55,Rock Inn Pokémon,5,0,"['Sturdy', 'Shell Armor', 'Weak Armor']",Ishizumaiイシズマイ
558,Crustle,bug,rock,70,105,125,65,75,45,Stone Home Pokémon,5,0,"['Sturdy', 'Shell Armor', 'Weak Armor']",Iwapalaceイワパレス
559,Scraggy,dark,fighting,50,75,70,35,70,48,Shedding Pokémon,5,0,"['Shed Skin', 'Moxie', 'Intimidate']",Zurugguズルッグ
560,Scrafty,dark,fighting,65,90,115,45,115,58,Hoodlum Pokémon,5,0,"['Shed Skin', 'Moxie', 'Intimidate']",Zuruzukinズルズキン
561,Sigilyph,psychic,flying,72,58,80,103,80,97,Avianoid Pokémon,5,0,"['Wonder Skin ', 'Magic Guard', 'Tinted Lens']",Symbolerシンボラー
562,Yamask,ghost,,38,30,85,55,65,30,Spirit Pokémon,5,0,['Mummy'],Desumasuデスマス
563,Cofagrigus,ghost,,58,50,145,95,105,30,Coffin Pokémon,5,0,['Mummy'],Desukarnデスカーン
564,Tirtouga,water,rock,54,78,103,53,45,22,Prototurtle Pokémon,5,0,"['Solid Rock', 'Sturdy', 'Swift Swim']",Protogaプロトーガ
565,Carracosta,water,rock,74,108,133,83,65,32,Prototurtle Pokémon,5,0,"['Solid Rock', 'Sturdy', 'Swift Swim']",Abagouraアバゴーラ
566,Archen,rock,flying,55,112,45,74,45,70,First Bird Pokémon,5,0,['Defeatist'],Archenアーケン
567,Archeops,rock,flying,75,140,65,112,65,110,First Bird Pokémon,5,0,['Defeatist'],Archeosアーケオス
568,Trubbish,poison,,50,50,62,40,62,65,Trash Bag Pokémon,5,0,"['Stench', 'Sticky Hold', 'Aftermath']",Yabukuronヤブクロン
569,Garbodor,poison,,80,95,82,60,82,75,Trash Heap Pokémon,5,0,"['Stench', 'Weak Armor', 'Aftermath']",Dustdasダストダス
570,Zorua,dark,,40,65,40,80,40,65,Tricky Fox Pokémon,5,0,['Illusion'],Zoruaゾロア
571,Zoroark,dark,,60,105,60,120,60,105,Illusion Fox Pokémon,5,0,['Illusion'],Zoroarkゾロアーク
572,Minccino,normal,,55,50,40,40,40,75,Chinchilla Pokémon,5,0,"['Cute Charm', 'Technician', 'Skill Link']",Chillarmyチラーミィ
573,Cinccino,normal,,75,95,60,65,60,115,Scarf Pokémon,5,0,"['Cute Charm', 'Technician', 'Skill Link']",Chillaccinoチラチーノ
574,Gothita,psychic,,45,30,50,55,65,45,Fixation Pokémon,5,0,"['Frisk', 'Competitive', 'Shadow Tag']",Gothimuゴチム
575,Gothorita,psychic,,60,45,70,75,85,55,Manipulate Pokémon,5,0,"['Frisk', 'Competitive', 'Shadow Tag']",Gothimiruゴチミル
576,Gothitelle,psychic,,70,55,95,95,110,65,Astral Body Pokémon,5,0,"['Frisk', 'Competitive', 'Shadow Tag']",Gothiruselleゴチルゼル
577,Solosis,psychic,,45,30,40,105,50,20,Cell Pokémon,5,0,"['Overcoat', 'Magic Guard', 'Regenerator']",Uniranユニラン
578,Duosion,psychic,,65,40,50,125,60,30,Mitosis Pokémon,5,0,"['Overcoat', 'Magic Guard', 'Regenerator']",Doublanダブラン
579,Reuniclus,psychic,,110,65,75,125,85,30,Multiplying Pokémon,5,0,"['Overcoat', 'Magic Guard', 'Regenerator']",Lanculusランクルス
580,Ducklett,water,flying,62,44,50,44,50,55,Water Bird Pokémon,5,0,"['Keen Eye', 'Big Pecks', 'Hydration']",Koaruhieコアルヒー
581,Swanna,water,flying,75,87,63,87,63,98,White Bird Pokémon,5,0,"['Keen Eye', 'Big Pecks', 'Hydration']",Swannaスワンナ
582,Vanillite,ice,,36,50,50,65,60,44,Fresh Snow Pokémon,5,0,"['Ice Body', 'Snow Cloak', 'Weak Armor']",Vanipetiバニプッチ
583,Vanillish,ice,,51,65,65,80,75,59,Icy Snow Pokémon,5,0,"['Ice Body', 'Snow Cloak', 'Weak Armor']",Vanirichバニリッチ
584,Vanilluxe,ice,,71,95,85,110,95,79,Snowstorm Pokémon,5,0,"['Ice Body', 'Snow Warning', 'Weak Armor']",Baivanillaバイバニラ
585,Deerling,normal,grass,60,60,50,40,50,75,Season Pokémon,5,0,"['Chlorophyll', 'Sap Sipper', 'Serene Grace']",Shikijikaシキジカ
586,Sawsbuck,normal,grass,80,100,70,60,70,95,Season Pokémon,5,0,"['Chlorophyll', 'Sap Sipper', 'Serene Grace']",Mebukijikaメブキジカ
587,Emolga,electric,flying,55,75,60,75,60,103,Sky Squirrel Pokémon,5,0,"['Static', 'Motor Drive']",Emongaエモンガ
588,Karrablast,bug,,50,75,45,40,45,60,Clamping Pokémon,5,0,"['Swarm', 'Shed Skin', 'No Guard']",Kaburumoカブルモ
589,Escavalier,bug,steel,70,135,105,60,105,20,Cavalry Pokémon,5,0,"['Swarm', 'Shell Armor', 'Overcoat']",Chevargoシュバルゴ
590,Foongus,grass,poison,69,55,45,55,55,15,Mushroom Pokémon,5,0,"['Effect Spore', 'Regenerator']",Tamagetakeタマゲタケ
591,Amoonguss,grass,poison,114,85,70,85,80,30,Mushroom Pokémon,5,0,"['Effect Spore', 'Regenerator']",Morobareruモロバレル
592,Frillish,water,ghost,55,40,50,65,85,40,Floating Pokémon,5,0,"['Water Absorb', 'Cursed Body', 'Damp']",Pururillプルリル
593,Jellicent,water,ghost,100,60,70,85,105,60,Floating Pokémon,5,0,"['Water Absorb', 'Cursed Body', 'Damp']",Burungelブルンゲル
594,Alomomola,water,,165,75,80,40,45,65,Caring Pokémon,5,0,"['Healer', 'Hydration', 'Regenerator']",Mamanbouママンボウ
595,Joltik,bug,electric,50,47,50,57,50,65,Attaching Pokémon,5,0,"['Compoundeyes', 'Unnerve', 'Swarm']",Bachuruバチュル
596,Galvantula,bug,electric,70,77,60,97,60,108,EleSpider Pokémon,5,0,"['Compoundeyes', 'Unnerve', 'Swarm']",Dentulaデンチュラ
597,Ferroseed,grass,steel,44,50,91,24,86,10,Thorn Seed Pokémon,5,0,['Iron Barbs'],Tesseedテッシード
598,Ferrothorn,grass,steel,74,94,131,54,116,20,Thorn Pod Pokémon,5,0,"['Iron Barbs', 'Anticipation']",Nutreyナットレイ
599,Klink,steel,,40,55,70,45,60,30,Gear Pokémon,5,0,"['Plus', 'Minus', 'Clear Body']",Giaruギアル
600,Klang,steel,,60,80,95,70,85,50,Gear Pokémon,5,0,"['Plus', 'Minus', 'Clear Body']",Gigiaruギギアル
601,Klinklang,steel,,60,100,115,70,85,90,Gear Pokémon,5,0,"['Plus', 'Minus', 'Clear Body']",Gigigiaruギギギアル
602,Tynamo,electric,,35,55,40,45,40,60,EleFish Pokémon,5,0,['Levitate'],Shibishirasuシビシラス
603,Eelektrik,electric,,65,85,70,75,70,40,EleFish Pokémon,5,0,['Levitate'],Shibibeelシビビール
604,Eelektross,electric,,85,115,80,105,80,50,EleFish Pokémon,5,0,['Levitate'],Shibirudonシビルドン
605,Elgyem,psychic,,55,55,55,85,55,30,Cerebral Pokémon,5,0,"['Telepathy', 'Synchronize', 'Analytic']",Ligrayリグレー
606,Beheeyem,psychic,,75,75,75,125,95,40,Cerebral Pokémon,5,0,"['Telepathy', 'Synchronize', 'Analytic']",Ohbemオーベム
607,Litwick,ghost,fire,50,30,55,65,55,20,Candle Pokémon,5,0,"['Flash Fire', 'Flame Body', 'Infiltrator']",Hitomoshiヒトモシ
608,Lampent,ghost,fire,60,40,60,95,60,55,Lamp Pokémon,5,0,"['Flash Fire', 'Flame Body', 'Infiltrator']",Lamplerランプラー
609,Chandelure,ghost,fire,60,55,90,145,90,80,Luring Pokémon,5,0,"['Flash Fire', 'Flame Body', 'Infiltrator']",Chandelaシャンデラ
610,Axew,dragon,,46,87,60,30,40,57,Tusk Pokémon,5,0,"['Rivalry', 'Mold Breaker', 'Unnerve']",Kibagoキバゴ
611,Fraxure,dragon,,66,117,70,40,50,67,Axe Jaw Pokémon,5,0,"['Rivalry', 'Mold Breaker', 'Unnerve']",Onondoオノンド
612,Haxorus,dragon,,76,147,90,60,70,97,Axe Jaw Pokémon,5,0,"['Rivalry', 'Mold Breaker', 'Unnerve']",Ononokusオノノクス
613,Cubchoo,ice,,55,70,40,60,40,40,Chill Pokémon,5,0,"['Snow Cloak', 'Slush Rush', 'Rattled']",Kumasyunクマシュン
614,Beartic,ice,,95,130,80,70,80,50,Freezing Pokémon,5,0,"['Snow Cloak', 'Slush Rush', 'Swift Swim']",Tunbearツンベアー
615,Cryogonal,ice,,80,50,50,95,135,105,Crystallizing Pokémon,5,0,['Levitate'],Freegeoフリージオ
616,Shelmet,bug,,50,40,85,40,65,25,Snail Pokémon,5,0,"['Hydration', 'Shell Armor', 'Overcoat']",Chobomakiチョボマキ
617,Accelgor,bug,,80,70,40,100,60,145,Shell Out Pokémon,5,0,"['Hydration', 'Sticky Hold', 'Unburden']",Agilderアギルダー
618,Stunfisk,ground,electric,109,66,84,81,99,32,Trap Pokémon,5,0,"['Static', 'Limber', 'Sand Veil']",Maggyoマッギョ
619,Mienfoo,fighting,,45,85,50,55,50,65,Martial Arts Pokémon,5,0,"['Inner Focus', 'Regenerator', 'Reckless']",Kojofuコジョフー
620,Mienshao,fighting,,65,125,60,95,60,105,Martial Arts Pokémon,5,0,"['Inner Focus', 'Regenerator', 'Reckless']",Kojondoコジョンド
621,Druddigon,dragon,,77,120,90,60,90,48,Cave Pokémon,5,0,"['Rough Skin', 'Sheer Force', 'Mold Breaker']",Crimganクリムガン
622,Golett,ground,ghost,59,74,50,35,50,35,Automaton Pokémon,5,0,"['Iron Fist', 'Klutz', 'No Guard']",Gobitゴビット
623,Golurk,ground,ghost,89,124,80,55,80,55,Automaton Pokémon,5,0,"['Iron Fist', 'Klutz', 'No Guard']",Goloogゴルーグ
624,Pawniard,dark,steel,45,85,70,40,40,60,Sharp Blade Pokémon,5,0,"['Defiant', 'Inner Focus', 'Pressure']",Komatanaコマタナ
625,Bisharp,dark,steel,65,125,100,60,70,70,Sword Blade Pokémon,5,0,"['Defiant', 'Inner Focus', 'Pressure']",Kirikizanキリキザン
626,Bouffalant,normal,,95,110,95,40,95,55,Bash Buffalo Pokémon,5,0,"['Reckless', 'Sap Sipper', 'Soundproof']",Buffronバッフロン
627,Rufflet,normal,flying,70,83,50,37,50,60,Eaglet Pokémon,5,0,"['Keen Eye', 'Sheer Force', 'Hustle']",Washibonワシボン
628,Braviary,normal,flying,100,123,75,57,75,80,Valiant Pokémon,5,0,"['Keen Eye', 'Sheer Force', 'Defiant']",Warrgleウォーグル
629,Vullaby,dark,flying,70,55,75,45,65,60,Diapered Pokémon,5,0,"['Big Pecks', 'Overcoat', 'Weak Armor']",Valchaiバルチャイ
630,Mandibuzz,dark,flying,110,65,105,55,95,80,Bone Vulture Pokémon,5,0,"['Big Pecks', 'Overcoat', 'Weak Armor']",Vulginaバルジーナ
631,Heatmor,fire,,85,97,66,105,66,65,Anteater Pokémon,5,0,"['Gluttony', 'Flash Fire', 'White Smoke']",Kuitaranクイタラン
632,Durant,bug,steel,58,109,112,48,48,109,Iron Ant Pokémon,5,0,"['Swarm', 'Hustle', 'Truant']",Aiantアイアント
633,Deino,dark,dragon,52,65,50,45,50,38,Irate Pokémon,5,0,['Hustle'],Monozuモノズ
634,Zweilous,dark,dragon,72,85,70,65,70,58,Hostile Pokémon,5,0,['Hustle'],Diheadジヘッド
635,Hydreigon,dark,dragon,92,105,90,125,90,98,Brutal Pokémon,5,0,['Levitate'],Sazandoraサザンドラ
636,Larvesta,bug,fire,55,85,55,50,55,60,Torch Pokémon,5,0,"['Flame Body', 'Swarm']",Merlarvaメラルバ
637,Volcarona,bug,fire,85,60,65,135,105,100,Sun Pokémon,5,0,"['Flame Body', 'Swarm']",Ulgamothウルガモス
638,Cobalion,steel,fighting,91,90,129,90,72,108,Iron Will Pokémon,5,1,['Justified'],Cobalonコバルオン
639,Terrakion,rock,fighting,91,129,90,72,90,108,Cavern Pokémon,5,1,['Justified'],Terrakionテラキオン
640,Virizion,grass,fighting,91,90,72,90,129,108,Grassland Pokémon,5,1,['Justified'],Virizionビリジオン
641,Tornadus,flying,,79,100,80,110,90,121,Cyclone Pokémon,5,1,"['Prankster', 'Defiant', 'Regenerator']",Tornelos (keshin Forme)トルネロス
642,Thundurus,electric,flying,79,105,70,145,80,101,Bolt Strike Pokémon,5,1,"['Prankster', 'Defiant', 'Volt Absorb']",Voltolos (keshin Forme)ボルトロス
643,Reshiram,dragon,fire,100,120,100,150,120,90,Vast White Pokémon,5,1,['Turboblaze'],Reshiramレシラム
644,Zekrom,dragon,electric,100,150,120,120,100,90,Deep Black Pokémon,5,1,['Teravolt'],Zekromゼクロム
645,Landorus,ground,flying,89,145,90,105,80,91,Abundance Pokémon,5,1,"['Sand Force', 'Sheer Force', 'Intimidate']",Landlos (keshin Forme)ランドロス
646,Kyurem,dragon,ice,125,120,90,170,100,95,Boundary Pokémon,5,1,"['Pressure', 'Teravolt', 'Turboblaze']",Kyuremキュレム
647,Keldeo,water,fighting,91,72,90,129,90,108,Colt Pokémon,5,1,['Justified'],Keldeo (itsumo No Sugata)ケルディオ
648,Meloetta,normal,psychic,100,128,90,77,77,128,Melody Pokémon,5,1,['Serene Grace'],Meloetta (step Forme)メロエッタ
649,Genesect,bug,steel,71,120,95,120,95,99,Paleozoic Pokémon,5,1,['Download'],Genesectゲノセクト
650,Chespin,grass,,56,61,65,48,45,38,Spiky Nut Pokémon,6,0,"['Overgrow', 'Bulletproof']",Harimaronハリマロン
651,Quilladin,grass,,61,78,95,56,58,57,Spiny Armor Pokémon,6,0,"['Overgrow', 'Bulletproof']",Hariborgハリボーグ
652,Chesnaught,grass,fighting,88,107,122,74,75,64,Spiny Armor Pokémon,6,0,"['Overgrow', 'Bulletproof']",Brigarronブリガロン
653,Fennekin,fire,,40,45,40,62,60,60,Fox Pokémon,6,0,"['Blaze', 'Magician']",Fokkoフォッコ
654,Braixen,fire,,59,59,58,90,70,73,Fox Pokémon,6,0,"['Blaze', 'Magician']",Tairenarテールナー
655,Delphox,fire,psychic,75,69,72,114,100,104,Fox Pokémon,6,0,"['Blaze', 'Magician']",Mahoxyマフォクシー
656,Froakie,water,,41,56,40,62,44,71,Bubble Frog Pokémon,6,0,"['Torrent', 'Protean']",Keromatsuケロマツ
657,Frogadier,water,,54,63,52,83,56,97,Bubble Frog Pokémon,6,0,"['Torrent', 'Protean']",Gekogashiraゲコガシラ
658,Greninja,water,dark,72,145,67,153,71,132,Ninja Pokémon,6,0,"['Torrent', 'Protean', 'Battle Bond']",Gekkougaゲッコウガ
659,Bunnelby,normal,,38,36,38,32,36,57,Digging Pokémon,6,0,"['Pickup', 'Cheek Pouch', 'Huge Power']",Horubeeホルビー
660,Diggersby,normal,ground,85,56,77,50,77,78,Digging Pokémon,6,0,"['Pickup', 'Cheek Pouch', 'Huge Power']",Horudoホルード
661,Fletchling,normal,flying,45,50,43,40,38,62,Tiny Robin Pokémon,6,0,"['Big Pecks', 'Gale Wings']",Yayakomaヤヤコマ
662,Fletchinder,fire,flying,62,73,55,56,52,84,Ember Pokémon,6,0,"['Flame Body', 'Gale Wings']",Hinoyakomaヒノヤコマ
663,Talonflame,fire,flying,78,81,71,74,69,126,Scorching Pokémon,6,0,"['Flame Body', 'Gale Wings']",Fiarrowファイアロー
664,Scatterbug,bug,,38,35,40,27,25,35,Scatterdust Pokémon,6,0,"['Shield Dust', 'Compoundeyes', 'Friend Guard']",Kofukimushiコフキムシ
665,Spewpa,bug,,45,22,60,27,30,29,Scatterdust Pokémon,6,0,"['Shed Skin', 'Friend Guard']",Kofuuraiコフーライ
666,Vivillon,bug,flying,80,52,50,90,50,89,Scale Pokémon,6,0,"['Shield Dust', 'Compoundeyes', 'Friend Guard']",Viviyonビビヨン
667,Litleo,fire,normal,62,50,58,73,54,72,Lion Cub Pokémon,6,0,"['Rivalry', 'Unnerve', 'Moxie']",Shishikoシシコ
668,Pyroar,fire,normal,86,68,72,109,66,106,Royal Pokémon,6,0,"['Rivalry', 'Unnerve', 'Moxie']",Kaenjishiカエンジシ
669,Flabébé,fairy,,44,38,39,61,79,42,Single Bloom Pokémon,6,0,"['Flower Veil', 'Symbiosis']",Flabebeフラベベ
670,Floette,fairy,,74,65,67,125,128,92,Fairy Pokémon,6,0,"['Flower Veil', 'Symbiosis']",Floetteフラエッテ
671,Florges,fairy,,78,65,68,112,154,75,Garden Pokémon,6,0,"['Flower Veil', 'Symbiosis']",Florgesフラージェス
672,Skiddo,grass,,66,65,48,62,57,52,Mount Pokémon,6,0,"['Sap Sipper', 'Grass Pelt']",Meecleメェークル
673,Gogoat,grass,,123,100,62,97,81,68,Mount Pokémon,6,0,"['Sap Sipper', 'Grass Pelt']",Gogoatゴーゴート
674,Pancham,fighting,,67,82,62,46,48,43,Playful Pokémon,6,0,"['Iron Fist', 'Mold Breaker', 'Scrappy']",Yanchamヤンチャム
675,Pangoro,fighting,dark,95,124,78,69,71,58,Daunting Pokémon,6,0,"['Iron Fist', 'Mold Breaker', 'Scrappy']",Gorondaゴロンダ
676,Furfrou,normal,,75,80,60,65,90,102,Poodle Pokémon,6,0,['Fur Coat'],Trimmienトリミアン
677,Espurr,psychic,,62,48,54,63,60,68,Restraint Pokémon,6,0,"['Keen Eye', 'Infiltrator', 'Own Tempo']",Nyasperニャスパー
678,Meowstic,psychic,,74,48,76,83,81,104,Constraint Pokémon,6,0,"['Keen Eye', 'Infiltrator', 'Prankster', 'Competitive']",Nyaonixニャオニクス
679,Honedge,steel,ghost,45,80,100,35,37,28,Sword Pokémon,6,0,['No Guard'],Hitotsukiヒトツキ
680,Doublade,steel,ghost,59,110,150,45,49,35,Sword Pokémon,6,0,['No Guard'],Nidangillニダンギル
681,Aegislash,steel,ghost,60,150,50,150,50,60,Royal Sword Pokémon,6,0,['Stance Change'],Gillgardギルガルド
682,Spritzee,fairy,,78,52,60,63,65,23,Perfume Pokémon,6,0,"['Healer', 'Aroma Veil']",Shushupuシュシュプ
683,Aromatisse,fairy,,101,72,72,99,89,29,Fragrance Pokémon,6,0,"['Healer', 'Aroma Veil']",Frefuwanフレフワン
684,Swirlix,fairy,,62,48,66,59,57,49,Cotton Candy Pokémon,6,0,"['Sweet Veil', 'Unburden']",Peroppafuペロッパフ
685,Slurpuff,fairy,,82,80,86,85,75,72,Meringue Pokémon,6,0,"['Sweet Veil', 'Unburden']",Peroreamペロリーム
686,Inkay,dark,psychic,53,54,53,37,46,45,Revolving Pokémon,6,0,"['Contrary', 'Suction Cups', 'Infiltrator']",Maaiikaマーイーカ
687,Malamar,dark,psychic,86,92,88,68,75,73,Overturning Pokémon,6,0,"['Contrary', 'Suction Cups', 'Infiltrator']",Calamaneroカラマネロ
688,Binacle,rock,water,42,52,67,39,56,50,Two-Handed Pokémon,6,0,"['Tough Claws', 'Sniper', 'Pickpocket']",Kameteteカメテテ
689,Barbaracle,rock,water,72,105,115,54,86,68,Collective Pokémon,6,0,"['Tough Claws', 'Sniper', 'Pickpocket']",Gamenodesガメノデス
690,Skrelp,poison,water,50,60,60,60,60,30,Mock Kelp Pokémon,6,0,"['Poison Point', 'Poison Touch', 'Adaptability']",Kuzumoクズモー
691,Dragalge,poison,dragon,65,75,90,97,123,44,Mock Kelp Pokémon,6,0,"['Poison Point', 'Poison Touch', 'Adaptability']",Dramidoroドラミドロ
692,Clauncher,water,,50,53,62,58,63,44,Water Gun Pokémon,6,0,['Mega Launcher'],Udeppouウデッポウ
693,Clawitzer,water,,71,73,88,120,89,59,Howitzer Pokémon,6,0,['Mega Launcher'],Blosterブロスター
694,Helioptile,electric,normal,44,38,33,61,43,70,Generator Pokémon,6,0,"['Dry Skin', 'Sand Veil', 'Solar Power']",Erikiteruエリキテル
695,Heliolisk,electric,normal,62,55,52,109,94,109,Generator Pokémon,6,0,"['Dry Skin', 'Sand Veil', 'Solar Power']",Elezardエレザード
696,Tyrunt,rock,dragon,58,89,77,45,45,48,Royal Heir Pokémon,6,0,"['Strong Jaw', 'Sturdy']",Chigorasチゴラス
697,Tyrantrum,rock,dragon,82,121,119,69,59,71,Despot Pokémon,6,0,"['Strong Jaw', 'Rock Head']",Gachigorasガチゴラス
698,Amaura,rock,ice,77,59,50,67,63,46,Tundra Pokémon,6,0,"['Refrigerate', 'Snow Warning']",Amarusアマルス
699,Aurorus,rock,ice,123,77,72,99,92,58,Tundra Pokémon,6,0,"['Refrigerate', 'Snow Warning']",Amarurugaアマルルガ
700,Sylveon,fairy,,95,65,65,110,130,60,Intertwining Pokémon,6,0,"['Cute Charm', 'Pixilate']",Nymphiaニンフィア
701,Hawlucha,fighting,flying,78,92,75,74,63,118,Wrestling Pokémon,6,0,"['Limber', 'Unburden', 'Mold Breaker']",Luchabullルチャブル
702,Dedenne,electric,fairy,67,58,57,81,67,101,Antenna Pokémon,6,0,"['Cheek Pouch', 'Pickup', 'Plus']",Dedenneデデンネ
703,Carbink,rock,fairy,50,50,150,50,150,50,Jewel Pokémon,6,0,"['Clear Body', 'Sturdy']",Melecieメレシー
704,Goomy,dragon,,45,50,35,55,75,40,Soft Tissue Pokémon,6,0,"['Sap Sipper', 'Hydration', 'Gooey']",Numeraヌメラ
705,Sliggoo,dragon,,68,75,53,83,113,60,Soft Tissue Pokémon,6,0,"['Sap Sipper', 'Hydration', 'Gooey']",Numeilヌメイル
706,Goodra,dragon,,90,100,70,110,150,80,Dragon Pokémon,6,0,"['Sap Sipper', 'Hydration', 'Gooey']",Numelgonヌメルゴン
707,Klefki,steel,fairy,57,80,91,80,87,75,Key Ring Pokémon,6,0,"['Prankster', 'Magician']",Cleffyクレッフィ
708,Phantump,ghost,grass,43,70,48,50,60,38,Stump Pokémon,6,0,"['Natural Cure', 'Frisk', 'Harvest']",Bokureiボクレー
709,Trevenant,ghost,grass,85,110,76,65,82,56,Elder Tree Pokémon,6,0,"['Natural Cure', 'Frisk', 'Harvest']",Ohrotオーロット
710,Pumpkaboo,ghost,grass,59,66,70,44,55,41,Pumpkin Pokémon,6,0,"['Pickup', 'Frisk', 'Insomnia']",Bakecchaバケッチャ
711,Gourgeist,ghost,grass,85,100,122,58,75,54,Pumpkin Pokémon,6,0,"['Pickup', 'Frisk', 'Insomnia']",Pumpjinパンプジン
712,Bergmite,ice,,55,69,85,32,35,28,Ice Chunk Pokémon,6,0,"['Own Tempo', 'Ice Body', 'Sturdy']",Kachikohruカチコール
713,Avalugg,ice,,95,117,184,44,46,28,Iceberg Pokémon,6,0,"['Own Tempo', 'Ice Body', 'Sturdy']",Crebaseクレベース
714,Noibat,flying,dragon,40,30,35,45,40,55,Sound Wave Pokémon,6,0,"['Frisk', 'Infiltrator', 'Telepathy']",Onbatオンバット
715,Noivern,flying,dragon,85,70,80,97,80,123,Sound Wave Pokémon,6,0,"['Frisk', 'Infiltrator', 'Telepathy']",Onvernオンバーン
716,Xerneas,fairy,,126,131,95,131,98,99,Life Pokémon,6,1,['Fairy Aura'],Xerneasゼルネアス
717,Yveltal,dark,flying,126,131,95,131,98,99,Destruction Pokémon,6,1,['Dark Aura'],Yveltalイベルタル
718,Zygarde,dragon,ground,216,100,121,91,95,85,Order Pokémon,6,1,"['Aura Break', 'Power Construct']",Zygarde (10% Forme)ジガルデ
719,Diancie,rock,fairy,50,160,110,160,110,110,Jewel Pokémon,6,1,['Clear Body'],Diancieディアンシー
720,Hoopa,psychic,ghost,80,160,60,170,130,80,Mischief Pokémon (Confined)Djinn Pokémonn (Unbound),6,1,['Magician'],Hoopa (imashimerareshi Hoopa)フーパ
721,Volcanion,fire,water,80,110,120,130,90,70,Steam Pokémon,6,1,['Water Absorb'],Volcanionボルケニオン
722,Rowlet,grass,flying,68,55,55,50,50,42,Grass Quill Pokémon,7,0,"['Overgrow', 'Long Reach']",Mokurohモクロー
723,Dartrix,grass,flying,78,75,75,70,70,52,Blade Quill Pokémon,7,0,"['Overgrow', 'Long Reach']",Fukuthrowフクスロー
724,Decidueye,grass,ghost,78,107,75,100,100,70,Arrow Quill Pokémon,7,0,"['Overgrow', 'Long Reach']",Junaiperジュナイパー
725,Litten,fire,,45,65,40,60,40,70,Fire Cat Pokémon,7,0,"['Blaze', 'Intimidate']",Nyabbyニャビー
726,Torracat,fire,,65,85,50,80,50,90,Fire Cat Pokémon,7,0,"['Blaze', 'Intimidate']",Nyaheatニャヒート
727,Incineroar,fire,dark,95,115,90,80,90,60,Heel Pokémon,7,0,"['Blaze', 'Intimidate']",Gaogaenガオガエン
728,Popplio,water,,50,54,54,66,56,40,Sea Lion Pokémon,7,0,"['Torrent', 'Liquid Voice']",Ashimariアシマリ
729,Brionne,water,,60,69,69,91,81,50,Pop Star Pokémon,7,0,"['Torrent', 'Liquid Voice']",Osyamariオシャマリ
730,Primarina,water,fairy,80,74,74,126,116,60,Soloist Pokémon,7,0,"['Torrent', 'Liquid Voice']",Ashireneアシレーヌ
731,Pikipek,normal,flying,35,75,30,30,30,65,Woodpecker Pokémon,7,0,"['Keen Eye', 'Skill Link', 'Pickup']",Tsutsukeraツツケラ
732,Trumbeak,normal,flying,55,85,50,40,50,75,Bugle Beak Pokémon,7,0,"['Keen Eye', 'Skill Link', 'Pickup']",Kerarappaケララッパ
733,Toucannon,normal,flying,80,120,75,75,75,60,Cannon Pokémon,7,0,"['Keen Eye', 'Skill Link', 'Sheer Force']",Dodekabashiドデカバシ
734,Yungoos,normal,,48,70,30,30,30,45,Loitering Pokémon,7,0,"['Stakeout', 'Strong Jaw', 'Adaptability']",Youngooseヤングース
735,Gumshoos,normal,,88,110,60,55,60,45,Stakeout Pokémon,7,0,"['Stakeout', 'Strong Jaw', 'Adaptability']",Dekagooseデカグース
736,Grubbin,bug,,47,62,45,55,45,46,Larva Pokémon,7,0,['Swarm'],Agojimushiアゴジムシ
737,Charjabug,bug,electric,57,82,95,55,75,36,Battery Pokémon,7,0,['Battery'],Dendimushiデンヂムシ
738,Vikavolt,bug,electric,77,70,90,145,75,43,Stag Beetle Pokémon,7,0,['Levitate'],Kuwagannonクワガノン
739,Crabrawler,fighting,,47,82,57,42,47,63,Boxing Pokémon,7,0,"['Hyper Cutter', 'Iron Fist', 'Anger Point']",Makenkaniマケンカニ
740,Crabominable,fighting,ice,97,132,77,62,67,43,Woolly Crab Pokémon,7,0,"['Hyper Cutter', 'Iron Fist', 'Anger Point']",Kekenkaniケケンカニ
741,Oricorio,fire,flying,75,70,70,98,70,93,Dancing Pokémon,7,0,['Dancer'],Odoridori (pachipachi Style)オドリドリ
742,Cutiefly,bug,fairy,40,45,40,55,40,84,Bee Fly Pokémon,7,0,"['Honey Gather', 'Shield Dust', 'Sweet Veil']",Abulyアブリー
743,Ribombee,bug,fairy,60,55,60,95,70,124,Bee Fly Pokémon,7,0,"['Honey Gather', 'Shield Dust', 'Sweet Veil']",Aburibbonアブリボン
744,Rockruff,rock,,45,65,40,30,40,60,Puppy Pokémon,7,0,"['Keen Eye', 'Vital Spirit', 'Steadfast']",Iwankoイワンコ
745,Lycanroc,rock,,85,115,75,55,75,82,Wolf Pokémon,7,0,"['Keen Eye', 'Sand Rush', 'Steadfast', 'Keen Eye', 'Vital Spirit', 'No Guard']",Lugarugan (mahiru No Sugata)ルガルガン
746,Wishiwashi,water,,45,140,130,140,135,30,Small Fry Pokémon,7,0,['Schooling'],Yowashi (tandoku No Sugata)ヨワシ
747,Mareanie,poison,water,50,53,62,43,52,45,Brutal Star Pokémon,7,0,"['Merciless', 'Limber', 'Regenerator']",Hidoideヒドイデ
748,Toxapex,poison,water,50,63,152,53,142,35,Brutal Star Pokémon,7,0,"['Merciless', 'Limber', 'Regenerator']",Dohidoideドヒドイデ
749,Mudbray,ground,,70,100,70,45,55,45,Donkey Pokémon,7,0,"['Own Tempo', 'Stamina', 'Inner Focus']",Dorobankoドロバンコ
750,Mudsdale,ground,,100,125,100,55,85,35,Draft Horse Pokémon,7,0,"['Own Tempo', 'Stamina', 'Inner Focus']",Banbadoroバンバドロ
751,Dewpider,water,bug,38,40,52,40,72,27,Water Bubble Pokémon,7,0,"['Water Bubble', 'Water Absorb']",Shizukumoシズクモ
752,Araquanid,water,bug,68,70,92,50,132,42,Water Bubble Pokémon,7,0,"['Water Bubble', 'Water Absorb']",Onishizukumoオニシズクモ
753,Fomantis,grass,,40,55,35,50,35,35,Sickle Grass Pokémon,7,0,"['Leaf Guard', 'Contrary']",Karikiriカリキリ
754,Lurantis,grass,,70,105,90,80,90,45,Bloom Sickle Pokémon,7,0,"['Leaf Guard', 'Contrary']",Lalantesラランテス
755,Morelull,grass,fairy,40,35,55,65,75,15,Illuminating Pokémon,7,0,"['Illuminate', 'Effect Spore', 'Rain Dish']",Nemasyuネマシュ
756,Shiinotic,grass,fairy,60,45,80,90,100,30,Illuminating Pokémon,7,0,"['Illuminate', 'Effect Spore', 'Rain Dish']",Mashadeマシェード
757,Salandit,poison,fire,48,44,40,71,40,77,Toxic Lizard Pokémon,7,0,"['Corrosion', 'Oblivious']",Yatoumoriヤトウモリ
758,Salazzle,poison,fire,68,64,60,111,60,117,Toxic Lizard Pokémon,7,0,"['Corrosion', 'Oblivious']",Ennewtエンニュート
759,Stufful,normal,fighting,70,75,50,45,50,50,Flailing Pokémon,7,0,"['Fluffy', 'Klutz', 'Cute Charm']",Nuikogumaヌイコグマ
760,Bewear,normal,fighting,120,125,80,55,60,60,Strong Arm Pokémon,7,0,"['Fluffy', 'Klutz', 'Unnerve']",Kiterugumaキテルグマ
761,Bounsweet,grass,,42,30,38,30,38,32,Fruit Pokémon,7,0,"['Leaf Guard', 'Oblivious', 'Sweet Veil']",Amakajiアマカジ
762,Steenee,grass,,52,40,48,40,48,62,Fruit Pokémon,7,0,"['Leaf Guard', 'Oblivious', 'Sweet Veil']",Amamaikoアママイコ
763,Tsareena,grass,,72,120,98,50,98,72,Fruit Pokémon,7,0,"['Leaf Guard', 'Queenly Majesty', 'Sweet Veil']",Amajoアマージョ
764,Comfey,fairy,,51,52,90,82,110,100,Posy Picker Pokémon,7,0,"['Flower Veil', 'Triage', 'Natural Cure']",Cuwawaキュワワー
765,Oranguru,normal,psychic,90,60,80,90,110,60,Sage Pokémon,7,0,"['Inner Focus', 'Telepathy', 'Symbiosis']",Yareyuutanヤレユータン
766,Passimian,fighting,,100,120,90,40,60,80,Teamwork Pokémon,7,0,"['Receiver', 'Defiant']",Nagetukesaruナゲツケサル
767,Wimpod,bug,water,25,35,40,20,30,80,Turn Tail Pokémon,7,0,['Wimp Out'],Kosokumushiコソクムシ
768,Golisopod,bug,water,75,125,140,60,90,40,Hard Scale Pokémon,7,0,['Emergency Exit'],Gusokumushaグソクムシャ
769,Sandygast,ghost,ground,55,55,80,70,45,15,Sand Heap Pokémon,7,0,"['Water Compaction', 'Sand Veil']",Sunabaスナバァ
770,Palossand,ghost,ground,85,75,110,100,75,35,Sand Castle Pokémon,7,0,"['Water Compaction', 'Sand Veil']",Sirodethnaシロデスナ
771,Pyukumuku,water,,55,60,130,30,130,5,Sea Cucumber Pokémon,7,0,"['Innards Out', 'Unaware']",Namakobushiナマコブシ
772,Type: Null,normal,,95,95,95,95,95,59,Synthetic Pokémon,7,0,['Battle Armor'],Type: Nullタイプ：ヌル
773,Silvally,normal,,95,95,95,95,95,95,Synthetic Pokémon,7,0,['RKS System'],Silvadyシルヴァディ
774,Minior,rock,flying,60,100,60,100,60,120,Meteor Pokémon,7,0,['Shields Down'],Metenoメテノ
775,Komala,normal,,65,115,65,75,95,65,Drowsing Pokémon,7,0,['Comatose'],Nekkoaraネッコアラ
776,Turtonator,fire,dragon,60,78,135,91,85,36,Blast Turtle Pokémon,7,0,['Shell Armor'],Bakugamesバクガメス
777,Togedemaru,electric,steel,65,98,63,40,73,96,Roly-Poly Pokémon,7,0,"['Iron Barbs', 'Lightningrod', 'Sturdy']",Togedemaruトゲデマル
778,Mimikyu,ghost,fairy,55,90,80,50,105,96,Disguise Pokémon,7,0,['Disguise'],Mimikkyuミミッキュ
779,Bruxish,water,psychic,68,105,70,70,70,92,Gnash Teeth Pokémon,7,0,"['Dazzling', 'Strong Jaw', 'Wonder Skin ']",Hagigishiriハギギシリ
780,Drampa,normal,dragon,78,60,85,135,91,36,Placid Pokémon,7,0,"['Berserk', 'Sap Sipper', 'Cloud Nine']",Jijilongジジーロン
781,Dhelmise,ghost,grass,70,131,100,86,90,40,Sea Creeper Pokémon,7,0,['Steelworker'],Dadarinダダリン
782,Jangmo-o,dragon,,45,55,65,45,45,45,Scaly Pokémon,7,0,"['Bulletproof', 'Soundproof', 'Overcoat']",Jyarakoジャラコ
783,Hakamo-o,dragon,fighting,55,75,90,65,70,65,Scaly Pokémon,7,0,"['Bulletproof', 'Soundproof', 'Overcoat']",Jyarangoジャランゴ
784,Kommo-o,dragon,fighting,75,110,125,100,105,85,Scaly Pokémon,7,0,"['Bulletproof', 'Soundproof', 'Overcoat']",Jyararangaジャラランガ
785,Tapu Koko,electric,fairy,70,115,85,95,75,130,Land Spirit Pokémon,7,1,"['Electric Surge', 'Telepathy']",Kapu-kokekoカプ・コケコ
786,Tapu Lele,psychic,fairy,70,85,75,130,115,95,Land Spirit Pokémon,7,1,"['Psychic Surge', 'Telepathy']",Kapu-tetefuカプ・テテフ
787,Tapu Bulu,grass,fairy,70,130,115,85,95,75,Land Spirit Pokémon,7,1,"['Grassy Surge', 'Telepathy']",Kapu-bululカプ・ブルル
788,Tapu Fini,water,fairy,70,75,115,95,130,85,Land Spirit Pokémon,7,1,"['Misty Surge', 'Telepathy']",Kapu-rehireカプ・レヒレ
789,Cosmog,psychic,,43,29,31,29,31,37,Nebula Pokémon,7,1,['Unaware'],Cosmogコスモッグ
790,Cosmoem,psychic,,43,29,131,29,131,37,Protostar Pokémon,7,1,['Sturdy'],Cosmovumコスモウム
791,Solgaleo,psychic,steel,137,137,107,113,89,97,Sunne Pokémon,7,1,['Full Metal Body'],Solgaleoソルガレオ
792,Lunala,psychic,ghost,137,113,89,137,107,97,Moone Pokémon,7,1,['Shadow Shield'],Lunalaルナアーラ
793,Nihilego,rock,poison,109,53,47,127,131,103,Parasite Pokémon,7,1,['Beast Boost'],Uturoidウツロイド
794,Buzzwole,bug,fighting,107,139,139,53,53,79,Swollen Pokémon,7,1,['Beast Boost'],Massivoonマッシブーン
795,Pheromosa,bug,fighting,71,137,37,137,37,151,Lissome Pokémon,7,1,['Beast Boost'],Pheroacheフェローチェ
796,Xurkitree,electric,,83,89,71,173,71,83,Glowing Pokémon,7,1,['Beast Boost'],Denjyumokuデンジュモク
797,Celesteela,steel,flying,97,101,103,107,101,61,Launch Pokémon,7,1,['Beast Boost'],Tekkaguyaテッカグヤ
798,Kartana,grass,steel,59,181,131,59,31,109,Drawn Sword Pokémon,7,1,['Beast Boost'],Kamiturugiカミツルギ
799,Guzzlord,dark,dragon,223,101,53,97,53,43,Junkivore Pokémon,7,1,['Beast Boost'],Akuzikingアクジキング
800,Necrozma,psychic,,97,107,101,127,89,79,Prism Pokémon,7,1,['Prism Armor'],Necrozmaネクロズマ
801,Magearna,steel,fairy,80,95,115,130,115,65,Artificial Pokémon,7,1,['Soul-Heart'],Magearnaマギアナ
